Year,ISO3c,country,perc_Gold,perc_Silver,perc_Bronze
2016,USA,United States,14.98371336,12.09150327,10.55555556
2016,GBR,Great Britain,8.794788274,7.516339869,4.722222222
2016,CHN,China,8.469055375,5.882352941,7.222222222
2016,RUS,Russia,6.188925081,5.555555556,5.555555556
2016,DEU,Germany,5.537459283,3.267973856,4.166666667
2016,JPN,Japan,3.908794788,2.614379085,5.833333333
2016,FRA,France,3.25732899,5.882352941,3.888888889
2016,KOR,South Korea,2.931596091,0.980392157,2.5
2016,ITA,Italy,2.605863192,3.921568627,2.222222222
2016,AUS,Australia,2.605863192,3.594771242,2.777777778
2016,NLD,Netherlands,2.605863192,2.287581699,1.111111111
2016,HUN,Hungary,2.605863192,0.980392157,1.111111111
2016,BRA,Brazil,2.280130293,1.960784314,1.666666667
2016,ESP,Spain,2.280130293,1.307189542,1.666666667
2016,KEN,Kenya,1.954397394,1.960784314,0.277777778
2016,JAM,Jamaica,1.954397394,0.980392157,0.555555556
2016,HRV,Croatia,1.628664495,0.980392157,0.555555556
2016,CUB,Cuba,1.628664495,0.653594771,1.111111111
2016,NZL,New Zealand,1.302931596,2.941176471,1.388888889
2016,CAN,Canada,1.302931596,0.980392157,4.166666667
2016,UZB,Uzbekistan,1.302931596,0.653594771,1.944444444
2016,KAZ,Kazakhstan,0.977198697,1.633986928,2.777777778
2016,COL,Colombia,0.977198697,0.653594771,0.833333333
2016,CHE,Switzerland,0.977198697,0.653594771,0.555555556
2016,IRN,Iran,0.977198697,0.326797386,1.111111111
2016,GRC,Greece,0.977198697,0.326797386,0.555555556
2016,ARG,Argentina,0.977198697,0.326797386,0
2016,DNK,Denmark,0.651465798,1.960784314,1.944444444
2016,SWE,Sweden,0.651465798,1.960784314,0.833333333
2016,ZAF,South Africa,0.651465798,1.960784314,0.555555556
2016,UKR,Ukraine,0.651465798,1.633986928,1.111111111
2016,SRB,Serbia,0.651465798,1.307189542,0.555555556
2016,POL,Poland,0.651465798,0.980392157,1.666666667
2016,PRK,North Korea,0.651465798,0.980392157,0.555555556
2016,BEL,Belgium,0.651465798,0.653594771,0.555555556
2016,THA,Thailand,0.651465798,0.653594771,0.555555556
2016,SVK,Slovakia,0.651465798,0.653594771,0
2016,GEO,Georgia,0.651465798,0.326797386,1.111111111
2016,AZE,Azerbaijan,0.325732899,2.287581699,2.777777778
2016,BLR,Belarus,0.325732899,1.307189542,1.111111111
2016,TUR,Turkey,0.325732899,0.980392157,1.111111111
2016,ARM,Armenia,0.325732899,0.980392157,0
2016,CZE,Czech Republic,0.325732899,0.653594771,1.944444444
2016,ETH,Ethiopia,0.325732899,0.653594771,1.388888889
2016,SVN,Slovenia,0.325732899,0.653594771,0.277777778
2016,IDN,Indonesia,0.325732899,0.653594771,0
2016,ROU,Romania,0.325732899,0.326797386,0.555555556
2016,BHR,Bahrain,0.325732899,0.326797386,0
2016,VNM,Vietnam,0.325732899,0.326797386,0
2016,TWN,Chinese Taipei,0.325732899,0,0.555555556
2016,BHS,Bahamas,0.325732899,0,0.277777778
2016,CIV,Cote d'Ivoire,0.325732899,0,0.277777778
2016,IOA,Individual Olympic Athletes,0.325732899,0,0.277777778
2016,FJI,Fiji,0.325732899,0,0
2016,JOR,Jordan,0.325732899,0,0
2016,PRI,Puerto Rico,0.325732899,0,0
2016,SGP,Singapore,0.325732899,0,0
2016,TJK,Tajikistan,0.325732899,0,0
2016,XKX,Kosovo,0.325732899,0,0
2016,MYS,Malaysia,0,1.307189542,0.277777778
2016,MEX,Mexico,0,0.980392157,0.555555556
2016,DZA,Algeria,0,0.653594771,0
2016,IRL,Ireland,0,0.653594771,0
2016,LTU,Lithuania,0,0.326797386,0.833333333
2016,BGR,Bulgaria,0,0.326797386,0.555555556
2016,VEN,Venezuela,0,0.326797386,0.555555556
2016,IND,India,0,0.326797386,0.277777778
2016,MNG,Mongolia,0,0.326797386,0.277777778
2016,BDI,Burundi,0,0.326797386,0
2016,GRD,Grenada,0,0.326797386,0
2016,NER,Niger,0,0.326797386,0
2016,PHL,Philippines,0,0.326797386,0
2016,QAT,Qatar,0,0.326797386,0
2016,NOR,Norway,0,0,1.111111111
2016,EGY,Egypt,0,0,0.833333333
2016,TUN,Tunisia,0,0,0.833333333
2016,ISR,Israel,0,0,0.555555556
2016,ARE,United Arab Emirates,0,0,0.277777778
2016,AUT,Austria,0,0,0.277777778
2016,DOM,Dominican Republic,0,0,0.277777778
2016,EST,Estonia,0,0,0.277777778
2016,FIN,Finland,0,0,0.277777778
2016,MAR,Morocco,0,0,0.277777778
2016,NGA,Nigeria,0,0,0.277777778
2016,PRT,Portugal,0,0,0.277777778
2016,TTO,Trinidad and Tobago,0,0,0.277777778
2016,ABW,Aruba,0,0,0
2016,AFG,Afghanistan,0,0,0
2016,AGO,Angola,0,0,0
2016,ALB,Albania,0,0,0
2016,AND,Andorra,0,0,0
2016,ASM,American Samoa,0,0,0
2016,ATG,Antigua and Barbuda,0,0,0
2016,BEN,Benin,0,0,0
2016,BFA,Burkina Faso,0,0,0
2016,BGD,Bangladesh,0,0,0
2016,BIH,Bosnia and Herzegovina,0,0,0
2016,BLZ,Belize,0,0,0
2016,BMU,Bermuda,0,0,0
2016,BOL,Bolivia,0,0,0
2016,BRB,Barbados,0,0,0
2016,BRN,Brunei,0,0,0
2016,BTN,Bhutan,0,0,0
2016,BWA,Botswana,0,0,0
2016,CAF,Central African Republic,0,0,0
2016,CHL,Chile,0,0,0
2016,CMR,Cameroon,0,0,0
2016,COD,Congo (Kinshasa),0,0,0
2016,COG,Congo (Brazzaville),0,0,0
2016,COK,Cook Islands,0,0,0
2016,COM,Comoros,0,0,0
2016,CPV,Cape Verde,0,0,0
2016,CRI,Costa Rica,0,0,0
2016,CYM,Cayman Islands,0,0,0
2016,CYP,Cyprus,0,0,0
2016,DJI,Djibouti,0,0,0
2016,DMA,Dominica,0,0,0
2016,ECU,Ecuador,0,0,0
2016,ERI,Eritrea,0,0,0
2016,FSM,Federated States of Micronesia,0,0,0
2016,GAB,Gabon,0,0,0
2016,GHA,Ghana,0,0,0
2016,GIN,Guinea,0,0,0
2016,GMB,Gambia,0,0,0
2016,GNB,Guinea Bissau,0,0,0
2016,GNQ,Equatorial Guinea,0,0,0
2016,GTM,Guatemala,0,0,0
2016,GUM,Guam,0,0,0
2016,GUY,Guyana,0,0,0
2016,HKG,Hong Kong,0,0,0
2016,HND,Honduras,0,0,0
2016,HTI,Haiti,0,0,0
2016,IRQ,Iraq,0,0,0
2016,ISL,Iceland,0,0,0
2016,KGZ,Kyrgyzstan,0,0,0
2016,KHM,Cambodia,0,0,0
2016,KIR,Kiribati,0,0,0
2016,KNA,Saint Kitts and Nevis,0,0,0
2016,LAO,Laos,0,0,0
2016,LBN,Lebanon,0,0,0
2016,LBR,Liberia,0,0,0
2016,LBY,Libya,0,0,0
2016,LCA,Saint Lucia,0,0,0
2016,LIE,Liechtenstein,0,0,0
2016,LKA,Sri Lanka,0,0,0
2016,LSO,Lesotho,0,0,0
2016,LUX,Luxembourg,0,0,0
2016,LVA,Latvia,0,0,0
2016,MCO,Monaco,0,0,0
2016,MDA,Moldova,0,0,0
2016,MDG,Madagascar,0,0,0
2016,MDV,Maldives,0,0,0
2016,MHL,Marshall Islands,0,0,0
2016,MKD,Macedonia,0,0,0
2016,MLI,Mali,0,0,0
2016,MLT,Malta,0,0,0
2016,MMR,Myanmar,0,0,0
2016,MNE,Montenegro,0,0,0
2016,MOZ,Mozambique,0,0,0
2016,MRT,Mauritania,0,0,0
2016,MUS,Mauritius,0,0,0
2016,MWI,Malawi,0,0,0
2016,NAM,Namibia,0,0,0
2016,NIC,Nicaragua,0,0,0
2016,NPL,Nepal,0,0,0
2016,NRU,Nauru,0,0,0
2016,OMN,Oman,0,0,0
2016,PAK,Pakistan,0,0,0
2016,PAN,Panama,0,0,0
2016,PER,Peru,0,0,0
2016,PLW,Palau,0,0,0
2016,PNG,Papua New Guinea,0,0,0
2016,PRY,Paraguay,0,0,0
2016,PSE,Palestine,0,0,0
2016,ROT,Refugee Olympic Athletes,0,0,0
2016,RWA,Rwanda,0,0,0
2016,SAU,Saudi Arabia,0,0,0
2016,SDN,Sudan,0,0,0
2016,SEN,Senegal,0,0,0
2016,SLB,Solomon Islands,0,0,0
2016,SLE,Sierra Leone,0,0,0
2016,SLV,El Salvador,0,0,0
2016,SMR,San Marino,0,0,0
2016,SOM,Somalia,0,0,0
2016,SSD,South Sudan,0,0,0
2016,STP,Sao Tome and Principe,0,0,0
2016,SUR,Suriname,0,0,0
2016,SWZ,Swaziland,0,0,0
2016,SYC,Seychelles,0,0,0
2016,SYR,Syria,0,0,0
2016,TCD,Chad,0,0,0
2016,TGO,Togo,0,0,0
2016,TKM,Turkmenistan,0,0,0
2016,TLS,Timor Leste,0,0,0
2016,TON,Tonga,0,0,0
2016,TUV,Tuvalu,0,0,0
2016,TZA,Tanzania,0,0,0
2016,UGA,Uganda,0,0,0
2016,URY,Uruguay,0,0,0
2016,VCT,Saint Vincent and the Grenadines,0,0,0
2016,VGB,British Virgin Islands,0,0,0
2016,VIR,United States Virgin Islands,0,0,0
2016,VUT,Vanuatu,0,0,0
2016,WSM,Samoa,0,0,0
2016,YEM,Yemen,0,0,0
2016,ZMB,Zambia,0,0,0
2016,ZWE,Zimbabwe,0,0,0
2012,USA,United States,15.23178808,9.210526316,8.146067416
2012,CHN,China,12.58278146,8.881578947,6.460674157
2012,GBR,Great Britain,9.602649007,5.592105263,5.337078652
2012,RUS,Russia,7.947019868,8.552631579,8.988764045
2012,KOR,South Korea,4.304635762,2.631578947,1.966292135
2012,DEU,Germany,3.642384106,6.25,3.93258427
2012,FRA,France,3.642384106,3.618421053,3.651685393
2012,ITA,Italy,2.649006623,2.960526316,3.08988764
2012,HUN,Hungary,2.649006623,1.315789474,1.685393258
2012,AUS,Australia,2.317880795,5.263157895,3.370786517
2012,JPN,Japan,2.317880795,4.605263158,4.775280899
2012,KAZ,Kazakhstan,2.317880795,0.328947368,1.404494382
2012,NLD,Netherlands,1.986754967,1.973684211,2.247191011
2012,UKR,Ukraine,1.986754967,1.644736842,2.528089888
2012,NZL,New Zealand,1.986754967,0.657894737,1.404494382
2012,CUB,Cuba,1.655629139,0.986842105,1.685393258
2012,IRN,Iran,1.324503311,1.644736842,0.842696629
2012,JAM,Jamaica,1.324503311,1.315789474,1.123595506
2012,CZE,Czech Republic,1.324503311,0.986842105,0.842696629
2012,PRK,North Korea,1.324503311,0,0.561797753
2012,ESP,Spain,0.993377483,3.289473684,1.123595506
2012,BRA,Brazil,0.993377483,1.644736842,2.528089888
2012,ZAF,South Africa,0.993377483,0.657894737,0.280898876
2012,ETH,Ethiopia,0.993377483,0.328947368,0.842696629
2012,HRV,Croatia,0.993377483,0.328947368,0.561797753
2012,BLR,Belarus,0.662251656,1.644736842,1.404494382
2012,ROU,Romania,0.662251656,1.644736842,0.561797753
2012,KEN,Kenya,0.662251656,1.315789474,1.404494382
2012,DNK,Denmark,0.662251656,1.315789474,0.842696629
2012,AZE,Azerbaijan,0.662251656,0.657894737,1.685393258
2012,POL,Poland,0.662251656,0.657894737,1.685393258
2012,TUR,Turkey,0.662251656,0.657894737,0.280898876
2012,CHE,Switzerland,0.662251656,0.657894737,0
2012,LTU,Lithuania,0.662251656,0.328947368,0.561797753
2012,NOR,Norway,0.662251656,0.328947368,0.280898876
2012,CAN,Canada,0.331125828,1.644736842,3.370786517
2012,SWE,Sweden,0.331125828,1.315789474,0.842696629
2012,COL,Colombia,0.331125828,0.986842105,1.123595506
2012,GEO,Georgia,0.331125828,0.986842105,0.842696629
2012,MEX,Mexico,0.331125828,0.986842105,0.842696629
2012,IRL,Ireland,0.331125828,0.328947368,0.842696629
2012,ARG,Argentina,0.331125828,0.328947368,0.561797753
2012,SRB,Serbia,0.331125828,0.328947368,0.561797753
2012,SVN,Slovenia,0.331125828,0.328947368,0.561797753
2012,TTO,Trinidad and Tobago,0.331125828,0.328947368,0.561797753
2012,TUN,Tunisia,0.331125828,0.328947368,0.280898876
2012,DOM,Dominican Republic,0.331125828,0.328947368,0
2012,UZB,Uzbekistan,0.331125828,0,0.561797753
2012,LVA,Latvia,0.331125828,0,0.280898876
2012,BHS,Bahamas,0.331125828,0,0
2012,DZA,Algeria,0.331125828,0,0
2012,GRD,Grenada,0.331125828,0,0
2012,UGA,Uganda,0.331125828,0,0
2012,VEN,Venezuela,0.331125828,0,0
2012,IND,India,0,0.657894737,1.123595506
2012,MNG,Mongolia,0,0.657894737,0.842696629
2012,THA,Thailand,0,0.657894737,0.280898876
2012,EGY,Egypt,0,0.657894737,0
2012,SVK,Slovakia,0,0.328947368,0.842696629
2012,ARM,Armenia,0,0.328947368,0.561797753
2012,BEL,Belgium,0,0.328947368,0.561797753
2012,FIN,Finland,0,0.328947368,0.561797753
2012,BGR,Bulgaria,0,0.328947368,0.280898876
2012,EST,Estonia,0,0.328947368,0.280898876
2012,IDN,Indonesia,0,0.328947368,0.280898876
2012,MYS,Malaysia,0,0.328947368,0.280898876
2012,PRI,Puerto Rico,0,0.328947368,0.280898876
2012,TWN,Chinese Taipei,0,0.328947368,0.280898876
2012,BWA,Botswana,0,0.328947368,0
2012,CYP,Cyprus,0,0.328947368,0
2012,GAB,Gabon,0,0.328947368,0
2012,GTM,Guatemala,0,0.328947368,0
2012,MNE,Montenegro,0,0.328947368,0
2012,PRT,Portugal,0,0.328947368,0
2012,GRC,Greece,0,0,0.561797753
2012,MDA,Moldova,0,0,0.561797753
2012,QAT,Qatar,0,0,0.561797753
2012,SGP,Singapore,0,0,0.561797753
2012,AFG,Afghanistan,0,0,0.280898876
2012,BHR,Bahrain,0,0,0.280898876
2012,HKG,Hong Kong,0,0,0.280898876
2012,KWT,Kuwait,0,0,0.280898876
2012,MAR,Morocco,0,0,0.280898876
2012,SAU,Saudi Arabia,0,0,0.280898876
2012,TJK,Tajikistan,0,0,0.280898876
2012,ABW,Aruba,0,0,0
2012,AGO,Angola,0,0,0
2012,ALB,Albania,0,0,0
2012,AND,Andorra,0,0,0
2012,ARE,United Arab Emirates,0,0,0
2012,ASM,American Samoa,0,0,0
2012,ATG,Antigua and Barbuda,0,0,0
2012,AUT,Austria,0,0,0
2012,BDI,Burundi,0,0,0
2012,BEN,Benin,0,0,0
2012,BFA,Burkina Faso,0,0,0
2012,BGD,Bangladesh,0,0,0
2012,BIH,Bosnia and Herzegovina,0,0,0
2012,BLZ,Belize,0,0,0
2012,BMU,Bermuda,0,0,0
2012,BOL,Bolivia,0,0,0
2012,BRB,Barbados,0,0,0
2012,BRN,Brunei,0,0,0
2012,BTN,Bhutan,0,0,0
2012,CAF,Central African Republic,0,0,0
2012,CHL,Chile,0,0,0
2012,CIV,Cote d'Ivoire,0,0,0
2012,CMR,Cameroon,0,0,0
2012,COD,Congo (Kinshasa),0,0,0
2012,COG,Congo (Brazzaville),0,0,0
2012,COK,Cook Islands,0,0,0
2012,COM,Comoros,0,0,0
2012,CPV,Cape Verde,0,0,0
2012,CRI,Costa Rica,0,0,0
2012,CYM,Cayman Islands,0,0,0
2012,DJI,Djibouti,0,0,0
2012,DMA,Dominica,0,0,0
2012,ECU,Ecuador,0,0,0
2012,ERI,Eritrea,0,0,0
2012,FJI,Fiji,0,0,0
2012,FSM,Federated States of Micronesia,0,0,0
2012,GHA,Ghana,0,0,0
2012,GIN,Guinea,0,0,0
2012,GMB,Gambia,0,0,0
2012,GNB,Guinea Bissau,0,0,0
2012,GNQ,Equatorial Guinea,0,0,0
2012,GUM,Guam,0,0,0
2012,GUY,Guyana,0,0,0
2012,HND,Honduras,0,0,0
2012,HTI,Haiti,0,0,0
2012,IOA,Individual Olympic Athletes,0,0,0
2012,IRQ,Iraq,0,0,0
2012,ISL,Iceland,0,0,0
2012,ISR,Israel,0,0,0
2012,JOR,Jordan,0,0,0
2012,KGZ,Kyrgyzstan,0,0,0
2012,KHM,Cambodia,0,0,0
2012,KIR,Kiribati,0,0,0
2012,KNA,Saint Kitts and Nevis,0,0,0
2012,LAO,Laos,0,0,0
2012,LBN,Lebanon,0,0,0
2012,LBR,Liberia,0,0,0
2012,LBY,Libya,0,0,0
2012,LCA,Saint Lucia,0,0,0
2012,LIE,Liechtenstein,0,0,0
2012,LKA,Sri Lanka,0,0,0
2012,LSO,Lesotho,0,0,0
2012,LUX,Luxembourg,0,0,0
2012,MCO,Monaco,0,0,0
2012,MDG,Madagascar,0,0,0
2012,MDV,Maldives,0,0,0
2012,MHL,Marshall Islands,0,0,0
2012,MKD,Macedonia,0,0,0
2012,MLI,Mali,0,0,0
2012,MLT,Malta,0,0,0
2012,MMR,Myanmar,0,0,0
2012,MOZ,Mozambique,0,0,0
2012,MRT,Mauritania,0,0,0
2012,MUS,Mauritius,0,0,0
2012,MWI,Malawi,0,0,0
2012,NAM,Namibia,0,0,0
2012,NER,Niger,0,0,0
2012,NGA,Nigeria,0,0,0
2012,NIC,Nicaragua,0,0,0
2012,NPL,Nepal,0,0,0
2012,NRU,Nauru,0,0,0
2012,OMN,Oman,0,0,0
2012,PAK,Pakistan,0,0,0
2012,PAN,Panama,0,0,0
2012,PER,Peru,0,0,0
2012,PHL,Philippines,0,0,0
2012,PLW,Palau,0,0,0
2012,PNG,Papua New Guinea,0,0,0
2012,PRY,Paraguay,0,0,0
2012,PSE,Palestine,0,0,0
2012,RWA,Rwanda,0,0,0
2012,SDN,Sudan,0,0,0
2012,SEN,Senegal,0,0,0
2012,SLB,Solomon Islands,0,0,0
2012,SLE,Sierra Leone,0,0,0
2012,SLV,El Salvador,0,0,0
2012,SMR,San Marino,0,0,0
2012,SOM,Somalia,0,0,0
2012,STP,Sao Tome and Principe,0,0,0
2012,SUR,Suriname,0,0,0
2012,SWZ,Swaziland,0,0,0
2012,SYC,Seychelles,0,0,0
2012,SYR,Syria,0,0,0
2012,TCD,Chad,0,0,0
2012,TGO,Togo,0,0,0
2012,TKM,Turkmenistan,0,0,0
2012,TLS,Timor Leste,0,0,0
2012,TON,Tonga,0,0,0
2012,TUV,Tuvalu,0,0,0
2012,TZA,Tanzania,0,0,0
2012,URY,Uruguay,0,0,0
2012,VCT,Saint Vincent and the Grenadines,0,0,0
2012,VGB,British Virgin Islands,0,0,0
2012,VIR,United States Virgin Islands,0,0,0
2012,VNM,Vietnam,0,0,0
2012,VUT,Vanuatu,0,0,0
2012,WSM,Samoa,0,0,0
2012,YEM,Yemen,0,0,0
2012,ZMB,Zambia,0,0,0
2012,ZWE,Zimbabwe,0,0,0
2008,CHN,China,16.88741722,6.953642384,7.932011331
2008,USA,United States,11.9205298,12.91390728,9.915014164
2008,RUS,Russia,7.61589404,6.953642384,7.932011331
2008,GBR,Great Britain,6.291390728,4.304635762,4.532577904
2008,DEU,Germany,5.298013245,3.311258278,4.249291785
2008,AUS,Australia,4.635761589,4.966887417,4.815864023
2008,KOR,South Korea,4.304635762,3.311258278,2.266288952
2008,JPN,Japan,2.98013245,2.317880795,2.549575071
2008,ITA,Italy,2.649006623,2.98013245,2.83286119
2008,FRA,France,2.317880795,5.298013245,5.099150142
2008,UKR,Ukraine,2.317880795,1.655629139,4.249291785
2008,NLD,Netherlands,2.317880795,1.655629139,1.133144476
2008,KEN,Kenya,1.986754967,1.324503311,1.416430595
2008,ESP,Spain,1.655629139,3.311258278,0.849858357
2008,JAM,Jamaica,1.655629139,0.662251656,0.566572238
2008,BLR,Belarus,1.324503311,1.655629139,2.549575071
2008,ROU,Romania,1.324503311,0.331125828,0.849858357
2008,ETH,Ethiopia,1.324503311,0.331125828,0.566572238
2008,CAN,Canada,0.993377483,2.98013245,1.983002833
2008,POL,Poland,0.993377483,1.986754967,0.283286119
2008,HUN,Hungary,0.993377483,1.655629139,0.566572238
2008,NOR,Norway,0.993377483,1.655629139,0.283286119
2008,BRA,Brazil,0.993377483,1.324503311,2.549575071
2008,CZE,Czech Republic,0.993377483,0.993377483,0
2008,NZL,New Zealand,0.993377483,0.662251656,1.133144476
2008,SVK,Slovakia,0.993377483,0.662251656,0.283286119
2008,GEO,Georgia,0.993377483,0,0.849858357
2008,CUB,Cuba,0.662251656,3.642384106,3.116147309
2008,KAZ,Kazakhstan,0.662251656,1.324503311,1.983002833
2008,DNK,Denmark,0.662251656,0.662251656,0.849858357
2008,MNG,Mongolia,0.662251656,0.662251656,0
2008,THA,Thailand,0.662251656,0.662251656,0
2008,CHE,Switzerland,0.662251656,0.331125828,1.133144476
2008,PRK,North Korea,0.662251656,0.331125828,0.849858357
2008,ARG,Argentina,0.662251656,0,1.133144476
2008,MEX,Mexico,0.662251656,0,0.283286119
2008,TUR,Turkey,0.331125828,0.993377483,0.849858357
2008,ZWE,Zimbabwe,0.331125828,0.993377483,0
2008,AZE,Azerbaijan,0.331125828,0.662251656,1.133144476
2008,UZB,Uzbekistan,0.331125828,0.662251656,0.849858357
2008,SVN,Slovenia,0.331125828,0.662251656,0.566572238
2008,BGR,Bulgaria,0.331125828,0.331125828,0.849858357
2008,IDN,Indonesia,0.331125828,0.331125828,0.849858357
2008,FIN,Finland,0.331125828,0.331125828,0.566572238
2008,LVA,Latvia,0.331125828,0.331125828,0.283286119
2008,BEL,Belgium,0.331125828,0.331125828,0
2008,DOM,Dominican Republic,0.331125828,0.331125828,0
2008,EST,Estonia,0.331125828,0.331125828,0
2008,PRT,Portugal,0.331125828,0.331125828,0
2008,TTO,Trinidad and Tobago,0.331125828,0.331125828,0
2008,IND,India,0.331125828,0,0.566572238
2008,IRN,Iran,0.331125828,0,0.283286119
2008,CMR,Cameroon,0.331125828,0,0
2008,PAN,Panama,0.331125828,0,0
2008,TUN,Tunisia,0.331125828,0,0
2008,SWE,Sweden,0,1.324503311,0.283286119
2008,HRV,Croatia,0,0.662251656,0.849858357
2008,LTU,Lithuania,0,0.662251656,0.849858357
2008,GRC,Greece,0,0.662251656,0.566572238
2008,NGA,Nigeria,0,0.331125828,0.849858357
2008,AUT,Austria,0,0.331125828,0.566572238
2008,IRL,Ireland,0,0.331125828,0.566572238
2008,SRB,Serbia,0,0.331125828,0.566572238
2008,BHS,Bahamas,0,0.331125828,0.283286119
2008,COL,Colombia,0,0.331125828,0.283286119
2008,DZA,Algeria,0,0.331125828,0.283286119
2008,KGZ,Kyrgyzstan,0,0.331125828,0.283286119
2008,MAR,Morocco,0,0.331125828,0.283286119
2008,TJK,Tajikistan,0,0.331125828,0.283286119
2008,CHL,Chile,0,0.331125828,0
2008,ECU,Ecuador,0,0.331125828,0
2008,ISL,Iceland,0,0.331125828,0
2008,MYS,Malaysia,0,0.331125828,0
2008,SDN,Sudan,0,0.331125828,0
2008,SGP,Singapore,0,0.331125828,0
2008,VNM,Vietnam,0,0.331125828,0
2008,ZAF,South Africa,0,0.331125828,0
2008,ARM,Armenia,0,0,1.699716714
2008,TWN,Chinese Taipei,0,0,1.133144476
2008,AFG,Afghanistan,0,0,0.283286119
2008,EGY,Egypt,0,0,0.283286119
2008,ISR,Israel,0,0,0.283286119
2008,MDA,Moldova,0,0,0.283286119
2008,MUS,Mauritius,0,0,0.283286119
2008,TGO,Togo,0,0,0.283286119
2008,VEN,Venezuela,0,0,0.283286119
2008,ABW,Aruba,0,0,0
2008,AGO,Angola,0,0,0
2008,ALB,Albania,0,0,0
2008,AND,Andorra,0,0,0
2008,ANT,Netherlands Antilles,0,0,0
2008,ARE,United Arab Emirates,0,0,0
2008,ASM,American Samoa,0,0,0
2008,ATG,Antigua and Barbuda,0,0,0
2008,BDI,Burundi,0,0,0
2008,BEN,Benin,0,0,0
2008,BFA,Burkina Faso,0,0,0
2008,BGD,Bangladesh,0,0,0
2008,BHR,Bahrain,0,0,0
2008,BIH,Bosnia and Herzegovina,0,0,0
2008,BLZ,Belize,0,0,0
2008,BMU,Bermuda,0,0,0
2008,BOL,Bolivia,0,0,0
2008,BRB,Barbados,0,0,0
2008,BTN,Bhutan,0,0,0
2008,BWA,Botswana,0,0,0
2008,CAF,Central African Republic,0,0,0
2008,CIV,Cote d'Ivoire,0,0,0
2008,COD,Congo (Kinshasa),0,0,0
2008,COG,Congo (Brazzaville),0,0,0
2008,COK,Cook Islands,0,0,0
2008,COM,Comoros,0,0,0
2008,CPV,Cape Verde,0,0,0
2008,CRI,Costa Rica,0,0,0
2008,CYM,Cayman Islands,0,0,0
2008,CYP,Cyprus,0,0,0
2008,DJI,Djibouti,0,0,0
2008,DMA,Dominica,0,0,0
2008,ERI,Eritrea,0,0,0
2008,FJI,Fiji,0,0,0
2008,FSM,Federated States of Micronesia,0,0,0
2008,GAB,Gabon,0,0,0
2008,GHA,Ghana,0,0,0
2008,GIN,Guinea,0,0,0
2008,GMB,Gambia,0,0,0
2008,GNB,Guinea Bissau,0,0,0
2008,GNQ,Equatorial Guinea,0,0,0
2008,GRD,Grenada,0,0,0
2008,GTM,Guatemala,0,0,0
2008,GUM,Guam,0,0,0
2008,GUY,Guyana,0,0,0
2008,HKG,Hong Kong,0,0,0
2008,HND,Honduras,0,0,0
2008,HTI,Haiti,0,0,0
2008,IRQ,Iraq,0,0,0
2008,JOR,Jordan,0,0,0
2008,KHM,Cambodia,0,0,0
2008,KIR,Kiribati,0,0,0
2008,KNA,Saint Kitts and Nevis,0,0,0
2008,KWT,Kuwait,0,0,0
2008,LAO,Laos,0,0,0
2008,LBN,Lebanon,0,0,0
2008,LBR,Liberia,0,0,0
2008,LBY,Libya,0,0,0
2008,LCA,Saint Lucia,0,0,0
2008,LIE,Liechtenstein,0,0,0
2008,LKA,Sri Lanka,0,0,0
2008,LSO,Lesotho,0,0,0
2008,LUX,Luxembourg,0,0,0
2008,MCO,Monaco,0,0,0
2008,MDG,Madagascar,0,0,0
2008,MDV,Maldives,0,0,0
2008,MHL,Marshall Islands,0,0,0
2008,MKD,Macedonia,0,0,0
2008,MLI,Mali,0,0,0
2008,MLT,Malta,0,0,0
2008,MMR,Myanmar,0,0,0
2008,MNE,Montenegro,0,0,0
2008,MOZ,Mozambique,0,0,0
2008,MRT,Mauritania,0,0,0
2008,MWI,Malawi,0,0,0
2008,NAM,Namibia,0,0,0
2008,NER,Niger,0,0,0
2008,NIC,Nicaragua,0,0,0
2008,NPL,Nepal,0,0,0
2008,NRU,Nauru,0,0,0
2008,OMN,Oman,0,0,0
2008,PAK,Pakistan,0,0,0
2008,PER,Peru,0,0,0
2008,PHL,Philippines,0,0,0
2008,PLW,Palau,0,0,0
2008,PNG,Papua New Guinea,0,0,0
2008,PRI,Puerto Rico,0,0,0
2008,PRY,Paraguay,0,0,0
2008,PSE,Palestine,0,0,0
2008,QAT,Qatar,0,0,0
2008,RWA,Rwanda,0,0,0
2008,SAU,Saudi Arabia,0,0,0
2008,SEN,Senegal,0,0,0
2008,SLB,Solomon Islands,0,0,0
2008,SLE,Sierra Leone,0,0,0
2008,SLV,El Salvador,0,0,0
2008,SMR,San Marino,0,0,0
2008,SOM,Somalia,0,0,0
2008,STP,Sao Tome and Principe,0,0,0
2008,SUR,Suriname,0,0,0
2008,SWZ,Swaziland,0,0,0
2008,SYC,Seychelles,0,0,0
2008,SYR,Syria,0,0,0
2008,TCD,Chad,0,0,0
2008,TKM,Turkmenistan,0,0,0
2008,TLS,Timor Leste,0,0,0
2008,TON,Tonga,0,0,0
2008,TUV,Tuvalu,0,0,0
2008,TZA,Tanzania,0,0,0
2008,UGA,Uganda,0,0,0
2008,URY,Uruguay,0,0,0
2008,VCT,Saint Vincent and the Grenadines,0,0,0
2008,VGB,British Virgin Islands,0,0,0
2008,VIR,United States Virgin Islands,0,0,0
2008,VUT,Vanuatu,0,0,0
2008,WSM,Samoa,0,0,0
2008,YEM,Yemen,0,0,0
2008,ZMB,Zambia,0,0,0
2004,USA,United States,11.96013289,13,7.975460123
2004,CHN,China,10.63122924,5.666666667,4.294478528
2004,RUS,Russia,9.302325581,8.666666667,11.04294479
2004,AUS,Australia,5.647840532,5.333333333,5.214723926
2004,JPN,Japan,5.315614618,3,3.680981595
2004,DEU,Germany,4.318936877,5.333333333,6.134969325
2004,FRA,France,3.65448505,3,3.987730061
2004,ITA,Italy,3.322259136,3.666666667,3.374233129
2004,KOR,South Korea,2.990033223,4,2.760736196
2004,GBR,Great Britain,2.990033223,3,3.680981595
2004,CUB,Cuba,2.990033223,2.333333333,3.374233129
2004,HUN,Hungary,2.657807309,2,0.920245399
2004,UKR,Ukraine,2.657807309,1.666666667,2.760736196
2004,ROU,Romania,2.657807309,1.666666667,1.840490798
2004,GRC,Greece,1.993355482,2,1.226993865
2004,BRA,Brazil,1.661129568,0.666666667,0.920245399
2004,NOR,Norway,1.661129568,0,0.306748466
2004,NLD,Netherlands,1.328903654,3,2.760736196
2004,SWE,Sweden,1.328903654,0.666666667,0.306748466
2004,ESP,Spain,0.996677741,3.666666667,1.840490798
2004,CAN,Canada,0.996677741,2,0.920245399
2004,TUR,Turkey,0.996677741,1,1.533742331
2004,POL,Poland,0.996677741,0.666666667,1.533742331
2004,NZL,New Zealand,0.996677741,0.666666667,0
2004,THA,Thailand,0.996677741,0.333333333,1.226993865
2004,BLR,Belarus,0.664451827,1.666666667,1.840490798
2004,AUT,Austria,0.664451827,1.333333333,0.306748466
2004,ETH,Ethiopia,0.664451827,1,0.613496933
2004,IRN,Iran,0.664451827,0.666666667,0.613496933
2004,SVK,Slovakia,0.664451827,0.666666667,0.613496933
2004,TWN,Chinese Taipei,0.664451827,0.666666667,0.306748466
2004,GEO,Georgia,0.664451827,0.666666667,0
2004,BGR,Bulgaria,0.664451827,0.333333333,2.760736196
2004,DNK,Denmark,0.664451827,0.333333333,1.533742331
2004,JAM,Jamaica,0.664451827,0.333333333,0.613496933
2004,UZB,Uzbekistan,0.664451827,0.333333333,0.613496933
2004,MAR,Morocco,0.664451827,0.333333333,0
2004,ARG,Argentina,0.664451827,0,1.226993865
2004,CHL,Chile,0.664451827,0,0.306748466
2004,KAZ,Kazakhstan,0.332225914,1.333333333,0.920245399
2004,KEN,Kenya,0.332225914,1.333333333,0.613496933
2004,CZE,Czech Republic,0.332225914,1,1.533742331
2004,ZAF,South Africa,0.332225914,1,0.613496933
2004,HRV,Croatia,0.332225914,0.666666667,0.613496933
2004,LTU,Lithuania,0.332225914,0.666666667,0
2004,CHE,Switzerland,0.332225914,0.333333333,0.920245399
2004,EGY,Egypt,0.332225914,0.333333333,0.920245399
2004,IDN,Indonesia,0.332225914,0.333333333,0.613496933
2004,ZWE,Zimbabwe,0.332225914,0.333333333,0.306748466
2004,AZE,Azerbaijan,0.332225914,0,1.226993865
2004,BEL,Belgium,0.332225914,0,0.613496933
2004,BHS,Bahamas,0.332225914,0,0.306748466
2004,ISR,Israel,0.332225914,0,0.306748466
2004,ARE,United Arab Emirates,0.332225914,0,0
2004,CMR,Cameroon,0.332225914,0,0
2004,DOM,Dominican Republic,0.332225914,0,0
2004,PRK,North Korea,0,1.333333333,0.306748466
2004,LVA,Latvia,0,1.333333333,0
2004,MEX,Mexico,0,1,0.306748466
2004,PRT,Portugal,0,0.666666667,0.306748466
2004,FIN,Finland,0,0.666666667,0
2004,SCG,Serbia and Montenegro,0,0.666666667,0
2004,SVN,Slovenia,0,0.333333333,0.920245399
2004,EST,Estonia,0,0.333333333,0.613496933
2004,HKG,Hong Kong,0,0.333333333,0
2004,IND,India,0,0.333333333,0
2004,PRY,Paraguay,0,0.333333333,0
2004,COL,Colombia,0,0,0.613496933
2004,NGA,Nigeria,0,0,0.613496933
2004,VEN,Venezuela,0,0,0.613496933
2004,ERI,Eritrea,0,0,0.306748466
2004,MNG,Mongolia,0,0,0.306748466
2004,SYR,Syria,0,0,0.306748466
2004,TTO,Trinidad and Tobago,0,0,0.306748466
2004,ABW,Aruba,0,0,0
2004,AFG,Afghanistan,0,0,0
2004,AGO,Angola,0,0,0
2004,ALB,Albania,0,0,0
2004,AND,Andorra,0,0,0
2004,ANT,Netherlands Antilles,0,0,0
2004,ARM,Armenia,0,0,0
2004,ASM,American Samoa,0,0,0
2004,ATG,Antigua and Barbuda,0,0,0
2004,BDI,Burundi,0,0,0
2004,BEN,Benin,0,0,0
2004,BFA,Burkina Faso,0,0,0
2004,BGD,Bangladesh,0,0,0
2004,BHR,Bahrain,0,0,0
2004,BIH,Bosnia and Herzegovina,0,0,0
2004,BLZ,Belize,0,0,0
2004,BMU,Bermuda,0,0,0
2004,BOL,Bolivia,0,0,0
2004,BRB,Barbados,0,0,0
2004,BRN,Brunei,0,0,0
2004,BTN,Bhutan,0,0,0
2004,BWA,Botswana,0,0,0
2004,CAF,Central African Republic,0,0,0
2004,CIV,Cote d'Ivoire,0,0,0
2004,COD,Congo (Kinshasa),0,0,0
2004,COG,Congo (Brazzaville),0,0,0
2004,COK,Cook Islands,0,0,0
2004,COM,Comoros,0,0,0
2004,CPV,Cape Verde,0,0,0
2004,CRI,Costa Rica,0,0,0
2004,CYM,Cayman Islands,0,0,0
2004,CYP,Cyprus,0,0,0
2004,DMA,Dominica,0,0,0
2004,DZA,Algeria,0,0,0
2004,ECU,Ecuador,0,0,0
2004,FJI,Fiji,0,0,0
2004,FSM,Federated States of Micronesia,0,0,0
2004,GAB,Gabon,0,0,0
2004,GHA,Ghana,0,0,0
2004,GIN,Guinea,0,0,0
2004,GMB,Gambia,0,0,0
2004,GNB,Guinea Bissau,0,0,0
2004,GNQ,Equatorial Guinea,0,0,0
2004,GRD,Grenada,0,0,0
2004,GTM,Guatemala,0,0,0
2004,GUM,Guam,0,0,0
2004,GUY,Guyana,0,0,0
2004,HND,Honduras,0,0,0
2004,HTI,Haiti,0,0,0
2004,IRL,Ireland,0,0,0
2004,IRQ,Iraq,0,0,0
2004,ISL,Iceland,0,0,0
2004,JOR,Jordan,0,0,0
2004,KGZ,Kyrgyzstan,0,0,0
2004,KHM,Cambodia,0,0,0
2004,KIR,Kiribati,0,0,0
2004,KNA,Saint Kitts and Nevis,0,0,0
2004,KWT,Kuwait,0,0,0
2004,LAO,Laos,0,0,0
2004,LBN,Lebanon,0,0,0
2004,LBR,Liberia,0,0,0
2004,LBY,Libya,0,0,0
2004,LCA,Saint Lucia,0,0,0
2004,LIE,Liechtenstein,0,0,0
2004,LKA,Sri Lanka,0,0,0
2004,LSO,Lesotho,0,0,0
2004,LUX,Luxembourg,0,0,0
2004,MCO,Monaco,0,0,0
2004,MDA,Moldova,0,0,0
2004,MDG,Madagascar,0,0,0
2004,MDV,Maldives,0,0,0
2004,MKD,Macedonia,0,0,0
2004,MLI,Mali,0,0,0
2004,MLT,Malta,0,0,0
2004,MMR,Myanmar,0,0,0
2004,MOZ,Mozambique,0,0,0
2004,MRT,Mauritania,0,0,0
2004,MUS,Mauritius,0,0,0
2004,MWI,Malawi,0,0,0
2004,MYS,Malaysia,0,0,0
2004,NAM,Namibia,0,0,0
2004,NER,Niger,0,0,0
2004,NIC,Nicaragua,0,0,0
2004,NPL,Nepal,0,0,0
2004,NRU,Nauru,0,0,0
2004,OMN,Oman,0,0,0
2004,PAK,Pakistan,0,0,0
2004,PAN,Panama,0,0,0
2004,PER,Peru,0,0,0
2004,PHL,Philippines,0,0,0
2004,PLW,Palau,0,0,0
2004,PNG,Papua New Guinea,0,0,0
2004,PRI,Puerto Rico,0,0,0
2004,PSE,Palestine,0,0,0
2004,QAT,Qatar,0,0,0
2004,RWA,Rwanda,0,0,0
2004,SAU,Saudi Arabia,0,0,0
2004,SDN,Sudan,0,0,0
2004,SEN,Senegal,0,0,0
2004,SGP,Singapore,0,0,0
2004,SLB,Solomon Islands,0,0,0
2004,SLE,Sierra Leone,0,0,0
2004,SLV,El Salvador,0,0,0
2004,SMR,San Marino,0,0,0
2004,SOM,Somalia,0,0,0
2004,STP,Sao Tome and Principe,0,0,0
2004,SUR,Suriname,0,0,0
2004,SWZ,Swaziland,0,0,0
2004,SYC,Seychelles,0,0,0
2004,TCD,Chad,0,0,0
2004,TGO,Togo,0,0,0
2004,TJK,Tajikistan,0,0,0
2004,TKM,Turkmenistan,0,0,0
2004,TLS,Timor Leste,0,0,0
2004,TON,Tonga,0,0,0
2004,TUN,Tunisia,0,0,0
2004,TZA,Tanzania,0,0,0
2004,UGA,Uganda,0,0,0
2004,URY,Uruguay,0,0,0
2004,VCT,Saint Vincent and the Grenadines,0,0,0
2004,VGB,British Virgin Islands,0,0,0
2004,VIR,United States Virgin Islands,0,0,0
2004,VNM,Vietnam,0,0,0
2004,VUT,Vanuatu,0,0,0
2004,WSM,Samoa,0,0,0
2004,YEM,Yemen,0,0,0
2004,ZMB,Zambia,0,0,0
2000,USA,United States,12.04013378,8,9.509202454
2000,RUS,Russia,10.70234114,9.333333333,8.895705521
2000,CHN,China,9.364548495,5.333333333,4.294478528
2000,AUS,Australia,5.351170569,8.333333333,5.214723926
2000,DEU,Germany,4.347826087,5.666666667,7.975460123
2000,FRA,France,4.347826087,4.666666667,3.374233129
2000,ITA,Italy,4.347826087,2.666666667,3.987730061
2000,NLD,Netherlands,4.013377926,3,1.226993865
2000,CUB,Cuba,3.678929766,3.666666667,2.147239264
2000,GBR,Great Britain,3.678929766,3.333333333,2.147239264
2000,ROU,Romania,3.678929766,2,2.760736196
2000,KOR,South Korea,2.675585284,3.333333333,3.067484663
2000,HUN,Hungary,2.675585284,2,0.920245399
2000,POL,Poland,2.006688963,1.666666667,0.920245399
2000,JPN,Japan,1.672240803,2.666666667,1.533742331
2000,BGR,Bulgaria,1.672240803,2,0.613496933
2000,GRC,Greece,1.337792642,2,0.920245399
2000,SWE,Sweden,1.337792642,1.666666667,0.920245399
2000,NOR,Norway,1.337792642,1,0.920245399
2000,ETH,Ethiopia,1.337792642,0.333333333,0.920245399
2000,UKR,Ukraine,1.003344482,3.333333333,3.067484663
2000,KAZ,Kazakhstan,1.003344482,1.333333333,0
2000,BLR,Belarus,1.003344482,1,3.374233129
2000,CAN,Canada,1.003344482,1,2.45398773
2000,ESP,Spain,1.003344482,1,1.533742331
2000,TUR,Turkey,1.003344482,0,0.613496933
2000,IRN,Iran,1.003344482,0,0.306748466
2000,CZE,Czech Republic,0.668896321,1,0.920245399
2000,KEN,Kenya,0.668896321,1,0.613496933
2000,DNK,Denmark,0.668896321,1,0.306748466
2000,FIN,Finland,0.668896321,0.333333333,0.306748466
2000,AUT,Austria,0.668896321,0.333333333,0
2000,LTU,Lithuania,0.668896321,0,0.920245399
2000,AZE,Azerbaijan,0.668896321,0,0.306748466
2000,BHS,Bahamas,0.668896321,0,0.306748466
2000,SVN,Slovenia,0.668896321,0,0
2000,CHE,Switzerland,0.334448161,2,0.613496933
2000,IDN,Indonesia,0.334448161,1,0.613496933
2000,SVK,Slovakia,0.334448161,1,0.306748466
2000,MEX,Mexico,0.334448161,0.666666667,0.920245399
2000,NGA,Nigeria,0.334448161,0.666666667,0
2000,DZA,Algeria,0.334448161,0.333333333,0.920245399
2000,UZB,Uzbekistan,0.334448161,0.333333333,0.613496933
2000,LVA,Latvia,0.334448161,0.333333333,0.306748466
2000,SCG,Serbia and Montenegro,0.334448161,0.333333333,0.306748466
2000,NZL,New Zealand,0.334448161,0,0.920245399
2000,EST,Estonia,0.334448161,0,0.613496933
2000,THA,Thailand,0.334448161,0,0.613496933
2000,HRV,Croatia,0.334448161,0,0.306748466
2000,CMR,Cameroon,0.334448161,0,0
2000,COL,Colombia,0.334448161,0,0
2000,MOZ,Mozambique,0.334448161,0,0
2000,BRA,Brazil,0,2,1.840490798
2000,JAM,Jamaica,0,2,0.920245399
2000,BEL,Belgium,0,0.666666667,0.920245399
2000,ZAF,South Africa,0,0.666666667,0.920245399
2000,ARG,Argentina,0,0.666666667,0.613496933
2000,MAR,Morocco,0,0.333333333,1.226993865
2000,TWN,Chinese Taipei,0,0.333333333,1.226993865
2000,PRK,North Korea,0,0.333333333,0.920245399
2000,MDA,Moldova,0,0.333333333,0.306748466
2000,SAU,Saudi Arabia,0,0.333333333,0.306748466
2000,TTO,Trinidad and Tobago,0,0.333333333,0.306748466
2000,IRL,Ireland,0,0.333333333,0
2000,LKA,Sri Lanka,0,0.333333333,0
2000,URY,Uruguay,0,0.333333333,0
2000,VNM,Vietnam,0,0.333333333,0
2000,GEO,Georgia,0,0,1.840490798
2000,CRI,Costa Rica,0,0,0.613496933
2000,PRT,Portugal,0,0,0.613496933
2000,ARM,Armenia,0,0,0.306748466
2000,BRB,Barbados,0,0,0.306748466
2000,CHL,Chile,0,0,0.306748466
2000,IND,India,0,0,0.306748466
2000,ISL,Iceland,0,0,0.306748466
2000,ISR,Israel,0,0,0.306748466
2000,KGZ,Kyrgyzstan,0,0,0.306748466
2000,KWT,Kuwait,0,0,0.306748466
2000,MKD,Macedonia,0,0,0.306748466
2000,QAT,Qatar,0,0,0.306748466
2000,ABW,Aruba,0,0,0
2000,AGO,Angola,0,0,0
2000,ALB,Albania,0,0,0
2000,AND,Andorra,0,0,0
2000,ANT,Netherlands Antilles,0,0,0
2000,ARE,United Arab Emirates,0,0,0
2000,ASM,American Samoa,0,0,0
2000,ATG,Antigua and Barbuda,0,0,0
2000,BDI,Burundi,0,0,0
2000,BEN,Benin,0,0,0
2000,BFA,Burkina Faso,0,0,0
2000,BGD,Bangladesh,0,0,0
2000,BHR,Bahrain,0,0,0
2000,BIH,Bosnia and Herzegovina,0,0,0
2000,BLZ,Belize,0,0,0
2000,BMU,Bermuda,0,0,0
2000,BOL,Bolivia,0,0,0
2000,BRN,Brunei,0,0,0
2000,BTN,Bhutan,0,0,0
2000,BWA,Botswana,0,0,0
2000,CAF,Central African Republic,0,0,0
2000,CIV,Cote d'Ivoire,0,0,0
2000,COD,Congo (Kinshasa),0,0,0
2000,COG,Congo (Brazzaville),0,0,0
2000,COK,Cook Islands,0,0,0
2000,COM,Comoros,0,0,0
2000,CPV,Cape Verde,0,0,0
2000,CYM,Cayman Islands,0,0,0
2000,CYP,Cyprus,0,0,0
2000,DJI,Djibouti,0,0,0
2000,DMA,Dominica,0,0,0
2000,DOM,Dominican Republic,0,0,0
2000,ECU,Ecuador,0,0,0
2000,EGY,Egypt,0,0,0
2000,ERI,Eritrea,0,0,0
2000,FJI,Fiji,0,0,0
2000,FSM,Federated States of Micronesia,0,0,0
2000,GAB,Gabon,0,0,0
2000,GHA,Ghana,0,0,0
2000,GIN,Guinea,0,0,0
2000,GMB,Gambia,0,0,0
2000,GNB,Guinea Bissau,0,0,0
2000,GNQ,Equatorial Guinea,0,0,0
2000,GRD,Grenada,0,0,0
2000,GTM,Guatemala,0,0,0
2000,GUM,Guam,0,0,0
2000,GUY,Guyana,0,0,0
2000,HKG,Hong Kong,0,0,0
2000,HND,Honduras,0,0,0
2000,HTI,Haiti,0,0,0
2000,IOA,Individual Olympic Athletes,0,0,0
2000,IRQ,Iraq,0,0,0
2000,JOR,Jordan,0,0,0
2000,KHM,Cambodia,0,0,0
2000,KNA,Saint Kitts and Nevis,0,0,0
2000,LAO,Laos,0,0,0
2000,LBN,Lebanon,0,0,0
2000,LBR,Liberia,0,0,0
2000,LBY,Libya,0,0,0
2000,LCA,Saint Lucia,0,0,0
2000,LIE,Liechtenstein,0,0,0
2000,LSO,Lesotho,0,0,0
2000,LUX,Luxembourg,0,0,0
2000,MCO,Monaco,0,0,0
2000,MDG,Madagascar,0,0,0
2000,MDV,Maldives,0,0,0
2000,MLI,Mali,0,0,0
2000,MLT,Malta,0,0,0
2000,MMR,Myanmar,0,0,0
2000,MNG,Mongolia,0,0,0
2000,MRT,Mauritania,0,0,0
2000,MUS,Mauritius,0,0,0
2000,MWI,Malawi,0,0,0
2000,MYS,Malaysia,0,0,0
2000,NAM,Namibia,0,0,0
2000,NER,Niger,0,0,0
2000,NIC,Nicaragua,0,0,0
2000,NPL,Nepal,0,0,0
2000,NRU,Nauru,0,0,0
2000,OMN,Oman,0,0,0
2000,PAK,Pakistan,0,0,0
2000,PAN,Panama,0,0,0
2000,PER,Peru,0,0,0
2000,PHL,Philippines,0,0,0
2000,PLW,Palau,0,0,0
2000,PNG,Papua New Guinea,0,0,0
2000,PRI,Puerto Rico,0,0,0
2000,PRY,Paraguay,0,0,0
2000,PSE,Palestine,0,0,0
2000,RWA,Rwanda,0,0,0
2000,SDN,Sudan,0,0,0
2000,SEN,Senegal,0,0,0
2000,SGP,Singapore,0,0,0
2000,SLB,Solomon Islands,0,0,0
2000,SLE,Sierra Leone,0,0,0
2000,SLV,El Salvador,0,0,0
2000,SMR,San Marino,0,0,0
2000,SOM,Somalia,0,0,0
2000,STP,Sao Tome and Principe,0,0,0
2000,SUR,Suriname,0,0,0
2000,SWZ,Swaziland,0,0,0
2000,SYC,Seychelles,0,0,0
2000,SYR,Syria,0,0,0
2000,TCD,Chad,0,0,0
2000,TGO,Togo,0,0,0
2000,TJK,Tajikistan,0,0,0
2000,TKM,Turkmenistan,0,0,0
2000,TON,Tonga,0,0,0
2000,TUN,Tunisia,0,0,0
2000,TZA,Tanzania,0,0,0
2000,UGA,Uganda,0,0,0
2000,VCT,Saint Vincent and the Grenadines,0,0,0
2000,VEN,Venezuela,0,0,0
2000,VGB,British Virgin Islands,0,0,0
2000,VIR,United States Virgin Islands,0,0,0
2000,VUT,Vanuatu,0,0,0
2000,WSM,Samoa,0,0,0
2000,YEM,Yemen,0,0,0
2000,ZMB,Zambia,0,0,0
2000,ZWE,Zimbabwe,0,0,0
1996,USA,United States,16.23616236,11.72161172,8.417508418
1996,RUS,Russia,9.594095941,7.692307692,5.387205387
1996,DEU,Germany,7.380073801,6.593406593,9.090909091
1996,CHN,China,5.904059041,8.058608059,4.04040404
1996,FRA,France,5.535055351,2.564102564,5.050505051
1996,ITA,Italy,4.79704797,3.663003663,4.04040404
1996,AUS,Australia,3.32103321,3.296703297,7.744107744
1996,CUB,Cuba,3.32103321,2.93040293,2.693602694
1996,UKR,Ukraine,3.32103321,0.732600733,4.04040404
1996,KOR,South Korea,2.58302583,5.494505495,1.683501684
1996,POL,Poland,2.58302583,1.831501832,1.683501684
1996,HUN,Hungary,2.58302583,1.465201465,3.367003367
1996,ESP,Spain,1.84501845,2.197802198,2.02020202
1996,ROU,Romania,1.47601476,2.564102564,2.693602694
1996,NLD,Netherlands,1.47601476,1.831501832,3.367003367
1996,GRC,Greece,1.47601476,1.465201465,0
1996,CZE,Czech Republic,1.47601476,1.098901099,1.346801347
1996,CHE,Switzerland,1.47601476,1.098901099,0
1996,DNK,Denmark,1.47601476,0.366300366,0.336700337
1996,TUR,Turkey,1.47601476,0.366300366,0.336700337
1996,CAN,Canada,1.10701107,4.029304029,2.693602694
1996,BGR,Bulgaria,1.10701107,2.564102564,1.683501684
1996,JPN,Japan,1.10701107,2.197802198,1.683501684
1996,KAZ,Kazakhstan,1.10701107,1.465201465,1.346801347
1996,BRA,Brazil,1.10701107,1.098901099,3.03030303
1996,NZL,New Zealand,1.10701107,0.732600733,0.336700337
1996,ZAF,South Africa,1.10701107,0.366300366,0.336700337
1996,IRL,Ireland,1.10701107,0,0.336700337
1996,SWE,Sweden,0.73800738,1.465201465,0.673400673
1996,NOR,Norway,0.73800738,0.732600733,1.01010101
1996,BEL,Belgium,0.73800738,0.732600733,0.673400673
1996,NGA,Nigeria,0.73800738,0.366300366,1.01010101
1996,PRK,North Korea,0.73800738,0.366300366,0.673400673
1996,DZA,Algeria,0.73800738,0,0.336700337
1996,ETH,Ethiopia,0.73800738,0,0.336700337
1996,GBR,Great Britain,0.36900369,2.93040293,2.02020202
1996,BLR,Belarus,0.36900369,2.197802198,2.693602694
1996,KEN,Kenya,0.36900369,1.465201465,1.01010101
1996,JAM,Jamaica,0.36900369,1.098901099,0.673400673
1996,FIN,Finland,0.36900369,0.732600733,0.336700337
1996,IDN,Indonesia,0.36900369,0.366300366,0.673400673
1996,SCG,Serbia and Montenegro,0.36900369,0.366300366,0.673400673
1996,IRN,Iran,0.36900369,0.366300366,0.336700337
1996,SVK,Slovakia,0.36900369,0.366300366,0.336700337
1996,ARM,Armenia,0.36900369,0.366300366,0
1996,HRV,Croatia,0.36900369,0.366300366,0
1996,PRT,Portugal,0.36900369,0,0.336700337
1996,THA,Thailand,0.36900369,0,0.336700337
1996,BDI,Burundi,0.36900369,0,0
1996,CRI,Costa Rica,0.36900369,0,0
1996,ECU,Ecuador,0.36900369,0,0
1996,HKG,Hong Kong,0.36900369,0,0
1996,SYR,Syria,0.36900369,0,0
1996,ARG,Argentina,0,0.732600733,0.336700337
1996,NAM,Namibia,0,0.732600733,0
1996,SVN,Slovenia,0,0.732600733,0
1996,AUT,Austria,0,0.366300366,0.673400673
1996,MDA,Moldova,0,0.366300366,0.336700337
1996,MYS,Malaysia,0,0.366300366,0.336700337
1996,UZB,Uzbekistan,0,0.366300366,0.336700337
1996,AZE,Azerbaijan,0,0.366300366,0
1996,BHS,Bahamas,0,0.366300366,0
1996,LVA,Latvia,0,0.366300366,0
1996,PHL,Philippines,0,0.366300366,0
1996,TON,Tonga,0,0.366300366,0
1996,TWN,Chinese Taipei,0,0.366300366,0
1996,ZMB,Zambia,0,0.366300366,0
1996,GEO,Georgia,0,0,0.673400673
1996,MAR,Morocco,0,0,0.673400673
1996,TTO,Trinidad and Tobago,0,0,0.673400673
1996,IND,India,0,0,0.336700337
1996,ISR,Israel,0,0,0.336700337
1996,LTU,Lithuania,0,0,0.336700337
1996,MEX,Mexico,0,0,0.336700337
1996,MNG,Mongolia,0,0,0.336700337
1996,MOZ,Mozambique,0,0,0.336700337
1996,PRI,Puerto Rico,0,0,0.336700337
1996,TUN,Tunisia,0,0,0.336700337
1996,UGA,Uganda,0,0,0.336700337
1996,ABW,Aruba,0,0,0
1996,AFG,Afghanistan,0,0,0
1996,AGO,Angola,0,0,0
1996,ALB,Albania,0,0,0
1996,AND,Andorra,0,0,0
1996,ANT,Netherlands Antilles,0,0,0
1996,ARE,United Arab Emirates,0,0,0
1996,ASM,American Samoa,0,0,0
1996,ATG,Antigua and Barbuda,0,0,0
1996,BEN,Benin,0,0,0
1996,BFA,Burkina Faso,0,0,0
1996,BGD,Bangladesh,0,0,0
1996,BHR,Bahrain,0,0,0
1996,BIH,Bosnia and Herzegovina,0,0,0
1996,BLZ,Belize,0,0,0
1996,BMU,Bermuda,0,0,0
1996,BOL,Bolivia,0,0,0
1996,BRB,Barbados,0,0,0
1996,BRN,Brunei,0,0,0
1996,BTN,Bhutan,0,0,0
1996,BWA,Botswana,0,0,0
1996,CAF,Central African Republic,0,0,0
1996,CHL,Chile,0,0,0
1996,CIV,Cote d'Ivoire,0,0,0
1996,CMR,Cameroon,0,0,0
1996,COD,Congo (Kinshasa),0,0,0
1996,COG,Congo (Brazzaville),0,0,0
1996,COK,Cook Islands,0,0,0
1996,COL,Colombia,0,0,0
1996,COM,Comoros,0,0,0
1996,CPV,Cape Verde,0,0,0
1996,CYM,Cayman Islands,0,0,0
1996,CYP,Cyprus,0,0,0
1996,DJI,Djibouti,0,0,0
1996,DMA,Dominica,0,0,0
1996,DOM,Dominican Republic,0,0,0
1996,EGY,Egypt,0,0,0
1996,EST,Estonia,0,0,0
1996,FJI,Fiji,0,0,0
1996,GAB,Gabon,0,0,0
1996,GHA,Ghana,0,0,0
1996,GIN,Guinea,0,0,0
1996,GMB,Gambia,0,0,0
1996,GNB,Guinea Bissau,0,0,0
1996,GNQ,Equatorial Guinea,0,0,0
1996,GRD,Grenada,0,0,0
1996,GTM,Guatemala,0,0,0
1996,GUM,Guam,0,0,0
1996,GUY,Guyana,0,0,0
1996,HND,Honduras,0,0,0
1996,HTI,Haiti,0,0,0
1996,IRQ,Iraq,0,0,0
1996,ISL,Iceland,0,0,0
1996,JOR,Jordan,0,0,0
1996,KGZ,Kyrgyzstan,0,0,0
1996,KHM,Cambodia,0,0,0
1996,KNA,Saint Kitts and Nevis,0,0,0
1996,KWT,Kuwait,0,0,0
1996,LAO,Laos,0,0,0
1996,LBN,Lebanon,0,0,0
1996,LBR,Liberia,0,0,0
1996,LBY,Libya,0,0,0
1996,LCA,Saint Lucia,0,0,0
1996,LIE,Liechtenstein,0,0,0
1996,LKA,Sri Lanka,0,0,0
1996,LSO,Lesotho,0,0,0
1996,LUX,Luxembourg,0,0,0
1996,MCO,Monaco,0,0,0
1996,MDG,Madagascar,0,0,0
1996,MDV,Maldives,0,0,0
1996,MKD,Macedonia,0,0,0
1996,MLI,Mali,0,0,0
1996,MLT,Malta,0,0,0
1996,MMR,Myanmar,0,0,0
1996,MRT,Mauritania,0,0,0
1996,MUS,Mauritius,0,0,0
1996,MWI,Malawi,0,0,0
1996,NER,Niger,0,0,0
1996,NIC,Nicaragua,0,0,0
1996,NPL,Nepal,0,0,0
1996,NRU,Nauru,0,0,0
1996,OMN,Oman,0,0,0
1996,PAK,Pakistan,0,0,0
1996,PAN,Panama,0,0,0
1996,PER,Peru,0,0,0
1996,PNG,Papua New Guinea,0,0,0
1996,PRY,Paraguay,0,0,0
1996,PSE,Palestine,0,0,0
1996,QAT,Qatar,0,0,0
1996,RWA,Rwanda,0,0,0
1996,SAU,Saudi Arabia,0,0,0
1996,SDN,Sudan,0,0,0
1996,SEN,Senegal,0,0,0
1996,SGP,Singapore,0,0,0
1996,SLB,Solomon Islands,0,0,0
1996,SLE,Sierra Leone,0,0,0
1996,SLV,El Salvador,0,0,0
1996,SMR,San Marino,0,0,0
1996,SOM,Somalia,0,0,0
1996,STP,Sao Tome and Principe,0,0,0
1996,SUR,Suriname,0,0,0
1996,SWZ,Swaziland,0,0,0
1996,SYC,Seychelles,0,0,0
1996,TCD,Chad,0,0,0
1996,TGO,Togo,0,0,0
1996,TJK,Tajikistan,0,0,0
1996,TKM,Turkmenistan,0,0,0
1996,TZA,Tanzania,0,0,0
1996,URY,Uruguay,0,0,0
1996,VCT,Saint Vincent and the Grenadines,0,0,0
1996,VEN,Venezuela,0,0,0
1996,VGB,British Virgin Islands,0,0,0
1996,VIR,United States Virgin Islands,0,0,0
1996,VNM,Vietnam,0,0,0
1996,VUT,Vanuatu,0,0,0
1996,WSM,Samoa,0,0,0
1996,YEM,Yemen,0,0,0
1996,ZWE,Zimbabwe,0,0,0
1992,EUN,Unified Team,17.30769231,14.78599222,9.797297297
1992,USA,United States,14.23076923,13.22957198,12.5
1992,DEU,Germany,12.69230769,8.171206226,9.459459459
1992,CHN,China,6.153846154,8.560311284,5.067567568
1992,CUB,Cuba,5.384615385,2.33463035,3.716216216
1992,ESP,Spain,5,2.723735409,0.675675676
1992,KOR,South Korea,4.615384615,1.945525292,3.716216216
1992,HUN,Hungary,4.230769231,4.6692607,2.364864865
1992,FRA,France,3.076923077,1.945525292,5.405405405
1992,AUS,Australia,2.692307692,3.501945525,3.716216216
1992,CAN,Canada,2.692307692,1.556420233,2.364864865
1992,ITA,Italy,2.307692308,1.945525292,2.702702703
1992,GBR,Great Britain,1.923076923,1.167315175,4.054054054
1992,ROU,Romania,1.538461538,2.33463035,2.702702703
1992,CSK,Czechoslovakia,1.538461538,0.778210117,0.337837838
1992,PRK,North Korea,1.538461538,0,1.689189189
1992,JPN,Japan,1.153846154,3.112840467,3.716216216
1992,BGR,Bulgaria,1.153846154,2.723735409,2.027027027
1992,POL,Poland,1.153846154,2.33463035,3.378378378
1992,NLD,Netherlands,0.769230769,2.33463035,2.364864865
1992,KEN,Kenya,0.769230769,1.556420233,0.675675676
1992,NOR,Norway,0.769230769,1.556420233,0.337837838
1992,TUR,Turkey,0.769230769,0.778210117,0.675675676
1992,IDN,Indonesia,0.769230769,0.778210117,0.337837838
1992,BRA,Brazil,0.769230769,0.389105058,0
1992,GRC,Greece,0.769230769,0,0
1992,SWE,Sweden,0.384615385,2.723735409,1.351351351
1992,NZL,New Zealand,0.384615385,1.556420233,1.689189189
1992,FIN,Finland,0.384615385,0.778210117,0.675675676
1992,DNK,Denmark,0.384615385,0.389105058,1.351351351
1992,MAR,Morocco,0.384615385,0.389105058,0.337837838
1992,IRL,Ireland,0.384615385,0.389105058,0
1992,ETH,Ethiopia,0.384615385,0,0.675675676
1992,DZA,Algeria,0.384615385,0,0.337837838
1992,EST,Estonia,0.384615385,0,0.337837838
1992,LTU,Lithuania,0.384615385,0,0.337837838
1992,CHE,Switzerland,0.384615385,0,0
1992,JAM,Jamaica,0,1.167315175,0.337837838
1992,NGA,Nigeria,0,1.167315175,0.337837838
1992,LVA,Latvia,0,0.778210117,0.337837838
1992,AUT,Austria,0,0.778210117,0
1992,NAM,Namibia,0,0.778210117,0
1992,ZAF,South Africa,0,0.778210117,0
1992,BEL,Belgium,0,0.389105058,0.675675676
1992,HRV,Croatia,0,0.389105058,0.675675676
1992,IOA,Individual Olympic Athletes,0,0.389105058,0.675675676
1992,IRN,Iran,0,0.389105058,0.675675676
1992,ISR,Israel,0,0.389105058,0.337837838
1992,MEX,Mexico,0,0.389105058,0
1992,PER,Peru,0,0.389105058,0
1992,TWN,Chinese Taipei,0,0.389105058,0
1992,MNG,Mongolia,0,0,0.675675676
1992,SVN,Slovenia,0,0,0.675675676
1992,ARG,Argentina,0,0,0.337837838
1992,BHS,Bahamas,0,0,0.337837838
1992,COL,Colombia,0,0,0.337837838
1992,GHA,Ghana,0,0,0.337837838
1992,MYS,Malaysia,0,0,0.337837838
1992,PAK,Pakistan,0,0,0.337837838
1992,PHL,Philippines,0,0,0.337837838
1992,PRI,Puerto Rico,0,0,0.337837838
1992,QAT,Qatar,0,0,0.337837838
1992,SUR,Suriname,0,0,0.337837838
1992,THA,Thailand,0,0,0.337837838
1992,ABW,Aruba,0,0,0
1992,AGO,Angola,0,0,0
1992,ALB,Albania,0,0,0
1992,AND,Andorra,0,0,0
1992,ANT,Netherlands Antilles,0,0,0
1992,ARE,United Arab Emirates,0,0,0
1992,ASM,American Samoa,0,0,0
1992,ATG,Antigua and Barbuda,0,0,0
1992,BEN,Benin,0,0,0
1992,BFA,Burkina Faso,0,0,0
1992,BGD,Bangladesh,0,0,0
1992,BHR,Bahrain,0,0,0
1992,BIH,Bosnia and Herzegovina,0,0,0
1992,BLZ,Belize,0,0,0
1992,BMU,Bermuda,0,0,0
1992,BOL,Bolivia,0,0,0
1992,BRB,Barbados,0,0,0
1992,BTN,Bhutan,0,0,0
1992,BWA,Botswana,0,0,0
1992,CAF,Central African Republic,0,0,0
1992,CHL,Chile,0,0,0
1992,CIV,Cote d'Ivoire,0,0,0
1992,CMR,Cameroon,0,0,0
1992,COD,Congo (Kinshasa),0,0,0
1992,COG,Congo (Brazzaville),0,0,0
1992,COK,Cook Islands,0,0,0
1992,CRI,Costa Rica,0,0,0
1992,CYM,Cayman Islands,0,0,0
1992,CYP,Cyprus,0,0,0
1992,DJI,Djibouti,0,0,0
1992,DOM,Dominican Republic,0,0,0
1992,ECU,Ecuador,0,0,0
1992,EGY,Egypt,0,0,0
1992,FJI,Fiji,0,0,0
1992,GAB,Gabon,0,0,0
1992,GIN,Guinea,0,0,0
1992,GMB,Gambia,0,0,0
1992,GNQ,Equatorial Guinea,0,0,0
1992,GRD,Grenada,0,0,0
1992,GTM,Guatemala,0,0,0
1992,GUM,Guam,0,0,0
1992,GUY,Guyana,0,0,0
1992,HKG,Hong Kong,0,0,0
1992,HND,Honduras,0,0,0
1992,HTI,Haiti,0,0,0
1992,IND,India,0,0,0
1992,IRQ,Iraq,0,0,0
1992,ISL,Iceland,0,0,0
1992,JOR,Jordan,0,0,0
1992,KWT,Kuwait,0,0,0
1992,LAO,Laos,0,0,0
1992,LBN,Lebanon,0,0,0
1992,LBY,Libya,0,0,0
1992,LIE,Liechtenstein,0,0,0
1992,LKA,Sri Lanka,0,0,0
1992,LSO,Lesotho,0,0,0
1992,LUX,Luxembourg,0,0,0
1992,MCO,Monaco,0,0,0
1992,MDG,Madagascar,0,0,0
1992,MDV,Maldives,0,0,0
1992,MLI,Mali,0,0,0
1992,MLT,Malta,0,0,0
1992,MMR,Myanmar,0,0,0
1992,MOZ,Mozambique,0,0,0
1992,MRT,Mauritania,0,0,0
1992,MUS,Mauritius,0,0,0
1992,MWI,Malawi,0,0,0
1992,NER,Niger,0,0,0
1992,NIC,Nicaragua,0,0,0
1992,NPL,Nepal,0,0,0
1992,OMN,Oman,0,0,0
1992,PAN,Panama,0,0,0
1992,PNG,Papua New Guinea,0,0,0
1992,PRT,Portugal,0,0,0
1992,PRY,Paraguay,0,0,0
1992,RWA,Rwanda,0,0,0
1992,SAU,Saudi Arabia,0,0,0
1992,SDN,Sudan,0,0,0
1992,SEN,Senegal,0,0,0
1992,SGP,Singapore,0,0,0
1992,SLB,Solomon Islands,0,0,0
1992,SLE,Sierra Leone,0,0,0
1992,SLV,El Salvador,0,0,0
1992,SMR,San Marino,0,0,0
1992,SWZ,Swaziland,0,0,0
1992,SYC,Seychelles,0,0,0
1992,SYR,Syria,0,0,0
1992,TCD,Chad,0,0,0
1992,TGO,Togo,0,0,0
1992,TON,Tonga,0,0,0
1992,TTO,Trinidad and Tobago,0,0,0
1992,TUN,Tunisia,0,0,0
1992,TZA,Tanzania,0,0,0
1992,UGA,Uganda,0,0,0
1992,URY,Uruguay,0,0,0
1992,VCT,Saint Vincent and the Grenadines,0,0,0
1992,VEN,Venezuela,0,0,0
1992,VGB,British Virgin Islands,0,0,0
1992,VIR,United States Virgin Islands,0,0,0
1992,VNM,Vietnam,0,0,0
1992,VUT,Vanuatu,0,0,0
1992,WSM,Samoa,0,0,0
1992,YEM,Yemen,0,0,0
1992,ZMB,Zambia,0,0,0
1992,ZWE,Zimbabwe,0,0,0
1988,SUN,Soviet Union,22.5,13.24786325,17.42424242
1988,DDR,East Germany,15.41666667,14.95726496,11.36363636
1988,USA,United States,15,13.24786325,10.22727273
1988,KOR,South Korea,5,4.273504274,4.166666667
1988,DEU,West Germany,4.583333333,5.982905983,5.681818182
1988,HUN,Hungary,4.583333333,2.564102564,2.272727273
1988,BGR,Bulgaria,4.166666667,5.128205128,4.924242424
1988,ROU,Romania,2.916666667,4.700854701,2.272727273
1988,FRA,France,2.5,1.709401709,2.272727273
1988,ITA,Italy,2.5,1.709401709,1.515151515
1988,CHN,China,2.083333333,4.700854701,4.545454545
1988,GBR,Great Britain,2.083333333,4.273504274,3.409090909
1988,KEN,Kenya,2.083333333,0.854700855,0.757575758
1988,JPN,Japan,1.666666667,1.282051282,2.651515152
1988,AUS,Australia,1.25,2.564102564,1.893939394
1988,YUG,Yugoslavia,1.25,1.709401709,1.893939394
1988,CSK,Czechoslovakia,1.25,1.282051282,0.757575758
1988,NZL,New Zealand,1.25,0.854700855,3.03030303
1988,CAN,Canada,1.25,0.854700855,1.893939394
1988,POL,Poland,0.833333333,2.136752137,3.409090909
1988,NOR,Norway,0.833333333,1.282051282,0
1988,NLD,Netherlands,0.833333333,0.854700855,1.893939394
1988,DNK,Denmark,0.833333333,0.427350427,0.378787879
1988,BRA,Brazil,0.416666667,0.854700855,1.136363636
1988,ESP,Spain,0.416666667,0.427350427,0.757575758
1988,FIN,Finland,0.416666667,0.427350427,0.757575758
1988,TUR,Turkey,0.416666667,0.427350427,0
1988,MAR,Morocco,0.416666667,0,0.757575758
1988,AUT,Austria,0.416666667,0,0
1988,PRT,Portugal,0.416666667,0,0
1988,SUR,Suriname,0.416666667,0,0
1988,SWE,Sweden,0,1.709401709,2.651515152
1988,CHE,Switzerland,0,0.854700855,0.757575758
1988,JAM,Jamaica,0,0.854700855,0
1988,ARG,Argentina,0,0.427350427,0.378787879
1988,ANT,Netherlands Antilles,0,0.427350427,0
1988,CHL,Chile,0,0.427350427,0
1988,CRI,Costa Rica,0,0.427350427,0
1988,IDN,Indonesia,0,0.427350427,0
1988,IRN,Iran,0,0.427350427,0
1988,PER,Peru,0,0.427350427,0
1988,SEN,Senegal,0,0.427350427,0
1988,VIR,United States Virgin Islands,0,0.427350427,0
1988,BEL,Belgium,0,0,0.757575758
1988,MEX,Mexico,0,0,0.757575758
1988,COL,Colombia,0,0,0.378787879
1988,DJI,Djibouti,0,0,0.378787879
1988,GRC,Greece,0,0,0.378787879
1988,MNG,Mongolia,0,0,0.378787879
1988,PAK,Pakistan,0,0,0.378787879
1988,PHL,Philippines,0,0,0.378787879
1988,THA,Thailand,0,0,0.378787879
1988,ABW,Aruba,0,0,0
1988,AFG,Afghanistan,0,0,0
1988,AGO,Angola,0,0,0
1988,AND,Andorra,0,0,0
1988,ARE,United Arab Emirates,0,0,0
1988,ASM,American Samoa,0,0,0
1988,ATG,Antigua and Barbuda,0,0,0
1988,BEN,Benin,0,0,0
1988,BFA,Burkina Faso,0,0,0
1988,BGD,Bangladesh,0,0,0
1988,BHR,Bahrain,0,0,0
1988,BHS,Bahamas,0,0,0
1988,BLZ,Belize,0,0,0
1988,BMU,Bermuda,0,0,0
1988,BOL,Bolivia,0,0,0
1988,BRB,Barbados,0,0,0
1988,BTN,Bhutan,0,0,0
1988,BWA,Botswana,0,0,0
1988,CAF,Central African Republic,0,0,0
1988,CIV,Cote d'Ivoire,0,0,0
1988,CMR,Cameroon,0,0,0
1988,COD,Congo (Kinshasa),0,0,0
1988,COG,Congo (Brazzaville),0,0,0
1988,COK,Cook Islands,0,0,0
1988,CYM,Cayman Islands,0,0,0
1988,CYP,Cyprus,0,0,0
1988,DOM,Dominican Republic,0,0,0
1988,DZA,Algeria,0,0,0
1988,ECU,Ecuador,0,0,0
1988,EGY,Egypt,0,0,0
1988,FJI,Fiji,0,0,0
1988,GAB,Gabon,0,0,0
1988,GHA,Ghana,0,0,0
1988,GIN,Guinea,0,0,0
1988,GMB,Gambia,0,0,0
1988,GNQ,Equatorial Guinea,0,0,0
1988,GRD,Grenada,0,0,0
1988,GTM,Guatemala,0,0,0
1988,GUM,Guam,0,0,0
1988,GUY,Guyana,0,0,0
1988,HKG,Hong Kong,0,0,0
1988,HND,Honduras,0,0,0
1988,HTI,Haiti,0,0,0
1988,IND,India,0,0,0
1988,IRL,Ireland,0,0,0
1988,IRQ,Iraq,0,0,0
1988,ISL,Iceland,0,0,0
1988,ISR,Israel,0,0,0
1988,JOR,Jordan,0,0,0
1988,KWT,Kuwait,0,0,0
1988,LAO,Laos,0,0,0
1988,LBN,Lebanon,0,0,0
1988,LBR,Liberia,0,0,0
1988,LBY,Libya,0,0,0
1988,LIE,Liechtenstein,0,0,0
1988,LKA,Sri Lanka,0,0,0
1988,LSO,Lesotho,0,0,0
1988,LUX,Luxembourg,0,0,0
1988,MCO,Monaco,0,0,0
1988,MDV,Maldives,0,0,0
1988,MLI,Mali,0,0,0
1988,MLT,Malta,0,0,0
1988,MMR,Myanmar,0,0,0
1988,MOZ,Mozambique,0,0,0
1988,MRT,Mauritania,0,0,0
1988,MUS,Mauritius,0,0,0
1988,MWI,Malawi,0,0,0
1988,MYS,Malaysia,0,0,0
1988,NER,Niger,0,0,0
1988,NGA,Nigeria,0,0,0
1988,NPL,Nepal,0,0,0
1988,OMN,Oman,0,0,0
1988,PAN,Panama,0,0,0
1988,PNG,Papua New Guinea,0,0,0
1988,PRI,Puerto Rico,0,0,0
1988,PRY,Paraguay,0,0,0
1988,QAT,Qatar,0,0,0
1988,RWA,Rwanda,0,0,0
1988,SAU,Saudi Arabia,0,0,0
1988,SDN,Sudan,0,0,0
1988,SGP,Singapore,0,0,0
1988,SLB,Solomon Islands,0,0,0
1988,SLE,Sierra Leone,0,0,0
1988,SLV,El Salvador,0,0,0
1988,SMR,San Marino,0,0,0
1988,SOM,Somalia,0,0,0
1988,SWZ,Swaziland,0,0,0
1988,SYR,Syria,0,0,0
1988,TCD,Chad,0,0,0
1988,TGO,Togo,0,0,0
1988,TON,Tonga,0,0,0
1988,TTO,Trinidad and Tobago,0,0,0
1988,TUN,Tunisia,0,0,0
1988,TWN,Chinese Taipei,0,0,0
1988,TZA,Tanzania,0,0,0
1988,UGA,Uganda,0,0,0
1988,URY,Uruguay,0,0,0
1988,VCT,Saint Vincent and the Grenadines,0,0,0
1988,VEN,Venezuela,0,0,0
1988,VGB,British Virgin Islands,0,0,0
1988,VNM,Vietnam,0,0,0
1988,VUT,Vanuatu,0,0,0
1988,WSM,Samoa,0,0,0
1988,YAR,North Yemen,0,0,0
1988,YMD,South Yemen,0,0,0
1988,ZMB,Zambia,0,0,0
1988,ZWE,Zimbabwe,0,0,0
1984,USA,United States,36.60714286,27.98165138,12.34567901
1984,ROU,Romania,8.482142857,7.339449541,6.995884774
1984,DEU,West Germany,7.589285714,8.71559633,9.465020576
1984,CHN,China,6.696428571,3.669724771,3.703703704
1984,ITA,Italy,6.25,2.752293578,4.938271605
1984,CAN,Canada,4.464285714,8.256880734,6.58436214
1984,JPN,Japan,4.464285714,3.211009174,5.761316872
1984,NZL,New Zealand,3.571428571,0.458715596,0.823045267
1984,YUG,Yugoslavia,3.125,1.834862385,2.880658436
1984,KOR,South Korea,2.678571429,2.752293578,2.880658436
1984,GBR,Great Britain,2.232142857,5.04587156,8.641975309
1984,FRA,France,2.232142857,3.211009174,6.58436214
1984,NLD,Netherlands,2.232142857,0.917431193,2.469135802
1984,AUS,Australia,1.785714286,3.669724771,4.938271605
1984,FIN,Finland,1.785714286,0.917431193,2.469135802
1984,SWE,Sweden,0.892857143,5.04587156,2.469135802
1984,MEX,Mexico,0.892857143,1.376146789,0.411522634
1984,MAR,Morocco,0.892857143,0,0
1984,BRA,Brazil,0.446428571,2.293577982,0.823045267
1984,ESP,Spain,0.446428571,0.917431193,0.823045267
1984,BEL,Belgium,0.446428571,0.458715596,0.823045267
1984,AUT,Austria,0.446428571,0.458715596,0.411522634
1984,KEN,Kenya,0.446428571,0,0.823045267
1984,PRT,Portugal,0.446428571,0,0.823045267
1984,PAK,Pakistan,0.446428571,0,0
1984,CHE,Switzerland,0,1.834862385,1.646090535
1984,DNK,Denmark,0,1.376146789,1.234567901
1984,JAM,Jamaica,0,0.458715596,0.823045267
1984,NOR,Norway,0,0.458715596,0.823045267
1984,GRC,Greece,0,0.458715596,0.411522634
1984,NGA,Nigeria,0,0.458715596,0.411522634
1984,PRI,Puerto Rico,0,0.458715596,0.411522634
1984,CIV,Cote d'Ivoire,0,0.458715596,0
1984,COL,Colombia,0,0.458715596,0
1984,EGY,Egypt,0,0.458715596,0
1984,IRL,Ireland,0,0.458715596,0
1984,PER,Peru,0,0.458715596,0
1984,SYR,Syria,0,0.458715596,0
1984,THA,Thailand,0,0.458715596,0
1984,TUR,Turkey,0,0,1.234567901
1984,VEN,Venezuela,0,0,1.234567901
1984,DZA,Algeria,0,0,0.823045267
1984,CMR,Cameroon,0,0,0.411522634
1984,DOM,Dominican Republic,0,0,0.411522634
1984,ISL,Iceland,0,0,0.411522634
1984,TWN,Chinese Taipei,0,0,0.411522634
1984,ZMB,Zambia,0,0,0.411522634
1984,AND,Andorra,0,0,0
1984,ANT,Netherlands Antilles,0,0,0
1984,ARE,United Arab Emirates,0,0,0
1984,ARG,Argentina,0,0,0
1984,ATG,Antigua and Barbuda,0,0,0
1984,BEN,Benin,0,0,0
1984,BGD,Bangladesh,0,0,0
1984,BHR,Bahrain,0,0,0
1984,BHS,Bahamas,0,0,0
1984,BLZ,Belize,0,0,0
1984,BMU,Bermuda,0,0,0
1984,BOL,Bolivia,0,0,0
1984,BRB,Barbados,0,0,0
1984,BTN,Bhutan,0,0,0
1984,BWA,Botswana,0,0,0
1984,CAF,Central African Republic,0,0,0
1984,CHL,Chile,0,0,0
1984,COD,Congo (Kinshasa),0,0,0
1984,COG,Congo (Brazzaville),0,0,0
1984,CRI,Costa Rica,0,0,0
1984,CYM,Cayman Islands,0,0,0
1984,CYP,Cyprus,0,0,0
1984,DJI,Djibouti,0,0,0
1984,ECU,Ecuador,0,0,0
1984,FJI,Fiji,0,0,0
1984,GAB,Gabon,0,0,0
1984,GHA,Ghana,0,0,0
1984,GIN,Guinea,0,0,0
1984,GMB,Gambia,0,0,0
1984,GNQ,Equatorial Guinea,0,0,0
1984,GRD,Grenada,0,0,0
1984,GTM,Guatemala,0,0,0
1984,GUY,Guyana,0,0,0
1984,HKG,Hong Kong,0,0,0
1984,HND,Honduras,0,0,0
1984,HTI,Haiti,0,0,0
1984,IDN,Indonesia,0,0,0
1984,IND,India,0,0,0
1984,IRQ,Iraq,0,0,0
1984,ISR,Israel,0,0,0
1984,JOR,Jordan,0,0,0
1984,KWT,Kuwait,0,0,0
1984,LBN,Lebanon,0,0,0
1984,LBR,Liberia,0,0,0
1984,LIE,Liechtenstein,0,0,0
1984,LKA,Sri Lanka,0,0,0
1984,LSO,Lesotho,0,0,0
1984,LUX,Luxembourg,0,0,0
1984,MCO,Monaco,0,0,0
1984,MDG,Madagascar,0,0,0
1984,MLI,Mali,0,0,0
1984,MLT,Malta,0,0,0
1984,MMR,Myanmar,0,0,0
1984,MOZ,Mozambique,0,0,0
1984,MRT,Mauritania,0,0,0
1984,MUS,Mauritius,0,0,0
1984,MWI,Malawi,0,0,0
1984,MYS,Malaysia,0,0,0
1984,NER,Niger,0,0,0
1984,NIC,Nicaragua,0,0,0
1984,NPL,Nepal,0,0,0
1984,OMN,Oman,0,0,0
1984,PAN,Panama,0,0,0
1984,PHL,Philippines,0,0,0
1984,PNG,Papua New Guinea,0,0,0
1984,PRY,Paraguay,0,0,0
1984,QAT,Qatar,0,0,0
1984,RWA,Rwanda,0,0,0
1984,SAU,Saudi Arabia,0,0,0
1984,SDN,Sudan,0,0,0
1984,SEN,Senegal,0,0,0
1984,SGP,Singapore,0,0,0
1984,SLB,Solomon Islands,0,0,0
1984,SLE,Sierra Leone,0,0,0
1984,SLV,El Salvador,0,0,0
1984,SMR,San Marino,0,0,0
1984,SOM,Somalia,0,0,0
1984,SUR,Suriname,0,0,0
1984,SWZ,Swaziland,0,0,0
1984,SYC,Seychelles,0,0,0
1984,TCD,Chad,0,0,0
1984,TGO,Togo,0,0,0
1984,TON,Tonga,0,0,0
1984,TTO,Trinidad and Tobago,0,0,0
1984,TUN,Tunisia,0,0,0
1984,TZA,Tanzania,0,0,0
1984,UGA,Uganda,0,0,0
1984,URY,Uruguay,0,0,0
1984,VGB,British Virgin Islands,0,0,0
1984,VIR,United States Virgin Islands,0,0,0
1984,WSM,Samoa,0,0,0
1984,YAR,North Yemen,0,0,0
1984,ZWE,Zimbabwe,0,0,0
1980,SUN,Soviet Union,39.21568627,33.82352941,20.62780269
1980,DDR,East Germany,23.03921569,18.1372549,18.83408072
1980,BGR,Bulgaria,3.921568627,7.843137255,7.623318386
1980,CUB,Cuba,3.921568627,3.431372549,2.242152466
1980,ITA,Italy,3.921568627,1.470588235,1.793721973
1980,HUN,Hungary,3.431372549,4.901960784,6.726457399
1980,ROU,Romania,2.941176471,2.941176471,5.829596413
1980,FRA,France,2.941176471,2.450980392,1.34529148
1980,GBR,Great Britain,2.450980392,3.431372549,4.035874439
1980,POL,Poland,1.470588235,6.862745098,6.726457399
1980,SWE,Sweden,1.470588235,1.470588235,2.69058296
1980,FIN,Finland,1.470588235,0.490196078,1.793721973
1980,CSK,Czechoslovakia,0.980392157,1.470588235,4.035874439
1980,YUG,Yugoslavia,0.980392157,1.470588235,1.793721973
1980,AUS,Australia,0.980392157,0.980392157,2.242152466
1980,DNK,Denmark,0.980392157,0.490196078,0.896860987
1980,BRA,Brazil,0.980392157,0,0.896860987
1980,ETH,Ethiopia,0.980392157,0,0.896860987
1980,CHE,Switzerland,0.980392157,0,0
1980,ESP,Spain,0.490196078,1.470588235,0.896860987
1980,AUT,Austria,0.490196078,0.980392157,0.448430493
1980,GRC,Greece,0.490196078,0,0.896860987
1980,BEL,Belgium,0.490196078,0,0
1980,IND,India,0.490196078,0,0
1980,ZWE,Zimbabwe,0.490196078,0,0
1980,PRK,North Korea,0,1.470588235,0.896860987
1980,MNG,Mongolia,0,0.980392157,0.896860987
1980,TZA,Tanzania,0,0.980392157,0
1980,MEX,Mexico,0,0.490196078,1.34529148
1980,NLD,Netherlands,0,0.490196078,0.896860987
1980,IRL,Ireland,0,0.490196078,0.448430493
1980,UGA,Uganda,0,0.490196078,0
1980,VEN,Venezuela,0,0.490196078,0
1980,JAM,Jamaica,0,0,1.34529148
1980,GUY,Guyana,0,0,0.448430493
1980,LBN,Lebanon,0,0,0.448430493
1980,AFG,Afghanistan,0,0,0
1980,AGO,Angola,0,0,0
1980,AND,Andorra,0,0,0
1980,BEN,Benin,0,0,0
1980,BWA,Botswana,0,0,0
1980,CMR,Cameroon,0,0,0
1980,COG,Congo (Brazzaville),0,0,0
1980,COL,Colombia,0,0,0
1980,CRI,Costa Rica,0,0,0
1980,CYP,Cyprus,0,0,0
1980,DOM,Dominican Republic,0,0,0
1980,DZA,Algeria,0,0,0
1980,ECU,Ecuador,0,0,0
1980,GIN,Guinea,0,0,0
1980,GTM,Guatemala,0,0,0
1980,IRQ,Iraq,0,0,0
1980,ISL,Iceland,0,0,0
1980,JOR,Jordan,0,0,0
1980,KWT,Kuwait,0,0,0
1980,LAO,Laos,0,0,0
1980,LBY,Libya,0,0,0
1980,LKA,Sri Lanka,0,0,0
1980,LSO,Lesotho,0,0,0
1980,LUX,Luxembourg,0,0,0
1980,MDG,Madagascar,0,0,0
1980,MLI,Mali,0,0,0
1980,MLT,Malta,0,0,0
1980,MMR,Myanmar,0,0,0
1980,MOZ,Mozambique,0,0,0
1980,NGA,Nigeria,0,0,0
1980,NIC,Nicaragua,0,0,0
1980,NPL,Nepal,0,0,0
1980,NZL,New Zealand,0,0,0
1980,PER,Peru,0,0,0
1980,PRI,Puerto Rico,0,0,0
1980,PRT,Portugal,0,0,0
1980,SEN,Senegal,0,0,0
1980,SLE,Sierra Leone,0,0,0
1980,SMR,San Marino,0,0,0
1980,SYC,Seychelles,0,0,0
1980,SYR,Syria,0,0,0
1980,TTO,Trinidad and Tobago,0,0,0
1980,VNM,Vietnam,0,0,0
1980,ZMB,Zambia,0,0,0
1976,SUN,Soviet Union,24.74747475,20.60301508,16.2037037
1976,DDR,East Germany,20.2020202,12.56281407,11.57407407
1976,USA,United States,17.17171717,17.5879397,11.57407407
1976,DEU,West Germany,5.050505051,6.030150754,7.87037037
1976,JPN,Japan,4.545454545,3.015075377,4.62962963
1976,POL,Poland,3.535353535,3.015075377,6.018518519
1976,BGR,Bulgaria,3.03030303,4.522613065,3.240740741
1976,CUB,Cuba,3.03030303,2.010050251,1.388888889
1976,ROU,Romania,2.02020202,4.522613065,6.481481481
1976,HUN,Hungary,2.02020202,2.512562814,6.018518519
1976,FIN,Finland,2.02020202,1.005025126,0
1976,SWE,Sweden,2.02020202,0.502512563,0
1976,GBR,Great Britain,1.515151515,2.512562814,2.314814815
1976,ITA,Italy,1.01010101,3.51758794,1.851851852
1976,FRA,France,1.01010101,1.507537688,1.851851852
1976,YUG,Yugoslavia,1.01010101,1.507537688,1.388888889
1976,CSK,Czechoslovakia,1.01010101,1.005025126,1.851851852
1976,NZL,New Zealand,1.01010101,0.502512563,0.462962963
1976,KOR,South Korea,0.505050505,0.502512563,1.851851852
1976,CHE,Switzerland,0.505050505,0.502512563,0.925925926
1976,JAM,Jamaica,0.505050505,0.502512563,0
1976,NOR,Norway,0.505050505,0.502512563,0
1976,PRK,North Korea,0.505050505,0.502512563,0
1976,DNK,Denmark,0.505050505,0,0.925925926
1976,MEX,Mexico,0.505050505,0,0.462962963
1976,TTO,Trinidad and Tobago,0.505050505,0,0
1976,CAN,Canada,0,2.512562814,2.777777778
1976,BEL,Belgium,0,1.507537688,1.388888889
1976,NLD,Netherlands,0,1.005025126,1.388888889
1976,ESP,Spain,0,1.005025126,0
1976,PRT,Portugal,0,1.005025126,0
1976,AUS,Australia,0,0.502512563,1.851851852
1976,IRN,Iran,0,0.502512563,0.462962963
1976,MNG,Mongolia,0,0.502512563,0
1976,VEN,Venezuela,0,0.502512563,0
1976,BRA,Brazil,0,0,0.925925926
1976,AUT,Austria,0,0,0.462962963
1976,BMU,Bermuda,0,0,0.462962963
1976,PAK,Pakistan,0,0,0.462962963
1976,PRI,Puerto Rico,0,0,0.462962963
1976,THA,Thailand,0,0,0.462962963
1976,AND,Andorra,0,0,0
1976,ANT,Netherlands Antilles,0,0,0
1976,ARG,Argentina,0,0,0
1976,ATG,Antigua and Barbuda,0,0,0
1976,BHS,Bahamas,0,0,0
1976,BLZ,Belize,0,0,0
1976,BOL,Bolivia,0,0,0
1976,BRB,Barbados,0,0,0
1976,CHL,Chile,0,0,0
1976,CIV,Cote d'Ivoire,0,0,0
1976,CMR,Cameroon,0,0,0
1976,COL,Colombia,0,0,0
1976,CRI,Costa Rica,0,0,0
1976,CYM,Cayman Islands,0,0,0
1976,DOM,Dominican Republic,0,0,0
1976,ECU,Ecuador,0,0,0
1976,EGY,Egypt,0,0,0
1976,FJI,Fiji,0,0,0
1976,GRC,Greece,0,0,0
1976,GTM,Guatemala,0,0,0
1976,HKG,Hong Kong,0,0,0
1976,HND,Honduras,0,0,0
1976,HTI,Haiti,0,0,0
1976,IDN,Indonesia,0,0,0
1976,IND,India,0,0,0
1976,IRL,Ireland,0,0,0
1976,ISL,Iceland,0,0,0
1976,ISR,Israel,0,0,0
1976,KWT,Kuwait,0,0,0
1976,LBN,Lebanon,0,0,0
1976,LIE,Liechtenstein,0,0,0
1976,LUX,Luxembourg,0,0,0
1976,MAR,Morocco,0,0,0
1976,MCO,Monaco,0,0,0
1976,MYS,Malaysia,0,0,0
1976,NIC,Nicaragua,0,0,0
1976,NPL,Nepal,0,0,0
1976,PAN,Panama,0,0,0
1976,PER,Peru,0,0,0
1976,PHL,Philippines,0,0,0
1976,PNG,Papua New Guinea,0,0,0
1976,PRY,Paraguay,0,0,0
1976,SAU,Saudi Arabia,0,0,0
1976,SEN,Senegal,0,0,0
1976,SGP,Singapore,0,0,0
1976,SMR,San Marino,0,0,0
1976,SUR,Suriname,0,0,0
1976,TUN,Tunisia,0,0,0
1976,TUR,Turkey,0,0,0
1976,URY,Uruguay,0,0,0
1976,VIR,United States Virgin Islands,0,0,0
1972,SUN,Soviet Union,25.64102564,13.84615385,10.47619048
1972,USA,United States,16.92307692,15.8974359,14.28571429
1972,DDR,East Germany,10.25641026,11.79487179,10.95238095
1972,DEU,West Germany,6.666666667,5.641025641,7.619047619
1972,JPN,Japan,6.666666667,4.102564103,3.80952381
1972,AUS,Australia,4.102564103,3.58974359,0.952380952
1972,POL,Poland,3.58974359,2.564102564,4.285714286
1972,HUN,Hungary,3.076923077,6.666666667,7.619047619
1972,BGR,Bulgaria,3.076923077,5.128205128,2.380952381
1972,ITA,Italy,2.564102564,1.538461538,4.761904762
1972,SWE,Sweden,2.051282051,3.076923077,2.857142857
1972,GBR,Great Britain,2.051282051,2.564102564,4.285714286
1972,ROU,Romania,1.538461538,3.076923077,3.333333333
1972,CUB,Cuba,1.538461538,0.512820513,1.904761905
1972,FIN,Finland,1.538461538,0.512820513,1.904761905
1972,NLD,Netherlands,1.538461538,0.512820513,0.476190476
1972,FRA,France,1.025641026,2.051282051,3.333333333
1972,CSK,Czechoslovakia,1.025641026,2.051282051,0.952380952
1972,KEN,Kenya,1.025641026,1.538461538,1.904761905
1972,YUG,Yugoslavia,1.025641026,0.512820513,0.952380952
1972,NOR,Norway,1.025641026,0.512820513,0.476190476
1972,PRK,North Korea,0.512820513,0.512820513,1.428571429
1972,NZL,New Zealand,0.512820513,0.512820513,0.476190476
1972,UGA,Uganda,0.512820513,0.512820513,0
1972,DNK,Denmark,0.512820513,0,0
1972,CHE,Switzerland,0,1.538461538,0
1972,CAN,Canada,0,1.025641026,1.428571429
1972,IRN,Iran,0,1.025641026,0.476190476
1972,BEL,Belgium,0,1.025641026,0
1972,GRC,Greece,0,1.025641026,0
1972,AUT,Austria,0,0.512820513,0.952380952
1972,COL,Colombia,0,0.512820513,0.952380952
1972,ARG,Argentina,0,0.512820513,0
1972,KOR,South Korea,0,0.512820513,0
1972,LBN,Lebanon,0,0.512820513,0
1972,MEX,Mexico,0,0.512820513,0
1972,MNG,Mongolia,0,0.512820513,0
1972,PAK,Pakistan,0,0.512820513,0
1972,TUN,Tunisia,0,0.512820513,0
1972,TUR,Turkey,0,0.512820513,0
1972,BRA,Brazil,0,0,0.952380952
1972,ETH,Ethiopia,0,0,0.952380952
1972,ESP,Spain,0,0,0.476190476
1972,GHA,Ghana,0,0,0.476190476
1972,IND,India,0,0,0.476190476
1972,JAM,Jamaica,0,0,0.476190476
1972,NER,Niger,0,0,0.476190476
1972,NGA,Nigeria,0,0,0.476190476
1972,AFG,Afghanistan,0,0,0
1972,ALB,Albania,0,0,0
1972,ANT,Netherlands Antilles,0,0,0
1972,BEN,Benin,0,0,0
1972,BFA,Burkina Faso,0,0,0
1972,BHS,Bahamas,0,0,0
1972,BLZ,Belize,0,0,0
1972,BMU,Bermuda,0,0,0
1972,BOL,Bolivia,0,0,0
1972,BRB,Barbados,0,0,0
1972,CHL,Chile,0,0,0
1972,CIV,Cote d'Ivoire,0,0,0
1972,CMR,Cameroon,0,0,0
1972,COG,Congo (Brazzaville),0,0,0
1972,CRI,Costa Rica,0,0,0
1972,DOM,Dominican Republic,0,0,0
1972,DZA,Algeria,0,0,0
1972,ECU,Ecuador,0,0,0
1972,EGY,Egypt,0,0,0
1972,FJI,Fiji,0,0,0
1972,GAB,Gabon,0,0,0
1972,GTM,Guatemala,0,0,0
1972,GUY,Guyana,0,0,0
1972,HKG,Hong Kong,0,0,0
1972,HTI,Haiti,0,0,0
1972,IDN,Indonesia,0,0,0
1972,IRL,Ireland,0,0,0
1972,ISL,Iceland,0,0,0
1972,ISR,Israel,0,0,0
1972,KHM,Cambodia,0,0,0
1972,KWT,Kuwait,0,0,0
1972,LBR,Liberia,0,0,0
1972,LIE,Liechtenstein,0,0,0
1972,LKA,Sri Lanka,0,0,0
1972,LSO,Lesotho,0,0,0
1972,LUX,Luxembourg,0,0,0
1972,MAR,Morocco,0,0,0
1972,MCO,Monaco,0,0,0
1972,MDG,Madagascar,0,0,0
1972,MLI,Mali,0,0,0
1972,MLT,Malta,0,0,0
1972,MMR,Myanmar,0,0,0
1972,MWI,Malawi,0,0,0
1972,MYS,Malaysia,0,0,0
1972,NIC,Nicaragua,0,0,0
1972,NPL,Nepal,0,0,0
1972,PAN,Panama,0,0,0
1972,PER,Peru,0,0,0
1972,PHL,Philippines,0,0,0
1972,PRI,Puerto Rico,0,0,0
1972,PRT,Portugal,0,0,0
1972,PRY,Paraguay,0,0,0
1972,SAU,Saudi Arabia,0,0,0
1972,SDN,Sudan,0,0,0
1972,SEN,Senegal,0,0,0
1972,SGP,Singapore,0,0,0
1972,SLV,El Salvador,0,0,0
1972,SMR,San Marino,0,0,0
1972,SOM,Somalia,0,0,0
1972,SUR,Suriname,0,0,0
1972,SWZ,Swaziland,0,0,0
1972,SYR,Syria,0,0,0
1972,TCD,Chad,0,0,0
1972,TGO,Togo,0,0,0
1972,THA,Thailand,0,0,0
1972,TTO,Trinidad and Tobago,0,0,0
1972,TWN,Chinese Taipei,0,0,0
1972,TZA,Tanzania,0,0,0
1972,URY,Uruguay,0,0,0
1972,VEN,Venezuela,0,0,0
1972,VIR,United States Virgin Islands,0,0,0
1972,VNM,South Vietnam,0,0,0
1972,ZMB,Zambia,0,0,0
1968,USA,United States,25.86206897,16.47058824,18.57923497
1968,SUN,Soviet Union,16.66666667,18.82352941,16.39344262
1968,JPN,Japan,6.32183908,4.117647059,3.825136612
1968,HUN,Hungary,5.747126437,5.882352941,6.557377049
1968,DDR,East Germany,5.172413793,5.294117647,3.825136612
1968,FRA,France,4.022988506,1.764705882,2.732240437
1968,CSK,Czechoslovakia,4.022988506,1.176470588,2.18579235
1968,DEU,West Germany,2.873563218,6.470588235,5.464480874
1968,AUS,Australia,2.873563218,4.117647059,2.732240437
1968,GBR,Great Britain,2.873563218,2.941176471,1.639344262
1968,POL,Poland,2.873563218,1.176470588,6.010928962
1968,ROU,Romania,2.298850575,3.529411765,2.732240437
1968,ITA,Italy,1.724137931,2.352941176,4.918032787
1968,KEN,Kenya,1.724137931,2.352941176,1.092896175
1968,MEX,Mexico,1.724137931,1.764705882,1.639344262
1968,YUG,Yugoslavia,1.724137931,1.764705882,1.092896175
1968,NLD,Netherlands,1.724137931,1.764705882,0.546448087
1968,BGR,Bulgaria,1.149425287,2.352941176,1.639344262
1968,IRN,Iran,1.149425287,0.588235294,1.092896175
1968,SWE,Sweden,1.149425287,0.588235294,0.546448087
1968,TUR,Turkey,1.149425287,0,0
1968,DNK,Denmark,0.574712644,2.352941176,1.639344262
1968,CAN,Canada,0.574712644,1.764705882,0.546448087
1968,FIN,Finland,0.574712644,1.176470588,0.546448087
1968,ETH,Ethiopia,0.574712644,0.588235294,0
1968,NOR,Norway,0.574712644,0.588235294,0
1968,NZL,New Zealand,0.574712644,0,1.092896175
1968,TUN,Tunisia,0.574712644,0,0.546448087
1968,PAK,Pakistan,0.574712644,0,0
1968,VEN,Venezuela,0.574712644,0,0
1968,CUB,Cuba,0,2.352941176,0
1968,AUT,Austria,0,1.176470588,1.092896175
1968,CHE,Switzerland,0,0.588235294,2.18579235
1968,MNG,Mongolia,0,0.588235294,1.639344262
1968,BRA,Brazil,0,0.588235294,1.092896175
1968,BEL,Belgium,0,0.588235294,0.546448087
1968,KOR,South Korea,0,0.588235294,0.546448087
1968,UGA,Uganda,0,0.588235294,0.546448087
1968,CMR,Cameroon,0,0.588235294,0
1968,JAM,Jamaica,0,0.588235294,0
1968,ARG,Argentina,0,0,1.092896175
1968,GRC,Greece,0,0,0.546448087
1968,IND,India,0,0,0.546448087
1968,TWN,Chinese Taipei,0,0,0.546448087
1968,AFG,Afghanistan,0,0,0
1968,ANT,Netherlands Antilles,0,0,0
1968,BHS,Bahamas,0,0,0
1968,BLZ,Belize,0,0,0
1968,BMU,Bermuda,0,0,0
1968,BOL,Bolivia,0,0,0
1968,BRB,Barbados,0,0,0
1968,CAF,Central African Republic,0,0,0
1968,CHL,Chile,0,0,0
1968,CIV,Cote d'Ivoire,0,0,0
1968,COD,Congo (Kinshasa),0,0,0
1968,COL,Colombia,0,0,0
1968,CRI,Costa Rica,0,0,0
1968,DOM,Dominican Republic,0,0,0
1968,DZA,Algeria,0,0,0
1968,ECU,Ecuador,0,0,0
1968,EGY,Egypt,0,0,0
1968,ESP,Spain,0,0,0
1968,FJI,Fiji,0,0,0
1968,GHA,Ghana,0,0,0
1968,GIN,Guinea,0,0,0
1968,GTM,Guatemala,0,0,0
1968,GUY,Guyana,0,0,0
1968,HKG,Hong Kong,0,0,0
1968,HND,Honduras,0,0,0
1968,IDN,Indonesia,0,0,0
1968,IRL,Ireland,0,0,0
1968,IRQ,Iraq,0,0,0
1968,ISL,Iceland,0,0,0
1968,ISR,Israel,0,0,0
1968,KWT,Kuwait,0,0,0
1968,LBN,Lebanon,0,0,0
1968,LBY,Libya,0,0,0
1968,LIE,Liechtenstein,0,0,0
1968,LKA,Sri Lanka,0,0,0
1968,LUX,Luxembourg,0,0,0
1968,MAR,Morocco,0,0,0
1968,MCO,Monaco,0,0,0
1968,MDG,Madagascar,0,0,0
1968,MLI,Mali,0,0,0
1968,MLT,Malta,0,0,0
1968,MMR,Myanmar,0,0,0
1968,MYS,Malaysia,0,0,0
1968,NER,Niger,0,0,0
1968,NGA,Nigeria,0,0,0
1968,NIC,Nicaragua,0,0,0
1968,PAN,Panama,0,0,0
1968,PER,Peru,0,0,0
1968,PHL,Philippines,0,0,0
1968,PRI,Puerto Rico,0,0,0
1968,PRT,Portugal,0,0,0
1968,PRY,Paraguay,0,0,0
1968,SDN,Sudan,0,0,0
1968,SEN,Senegal,0,0,0
1968,SGP,Singapore,0,0,0
1968,SLE,Sierra Leone,0,0,0
1968,SLV,El Salvador,0,0,0
1968,SMR,San Marino,0,0,0
1968,SUR,Suriname,0,0,0
1968,SYR,Syria,0,0,0
1968,TCD,Chad,0,0,0
1968,THA,Thailand,0,0,0
1968,TTO,Trinidad and Tobago,0,0,0
1968,TZA,Tanzania,0,0,0
1968,URY,Uruguay,0,0,0
1968,VIR,United States Virgin Islands,0,0,0
1968,VNM,South Vietnam,0,0,0
1968,ZMB,Zambia,0,0,0
1964,USA,United States,22.08588957,15.6626506,16.27906977
1964,SUN,Soviet Union,18.40490798,18.07228916,19.18604651
1964,JPN,Japan,9.81595092,3.012048193,4.651162791
1964,DEU,Germany,6.134969325,13.25301205,10.46511628
1964,ITA,Italy,6.134969325,6.024096386,4.069767442
1964,HUN,Hungary,6.134969325,4.21686747,2.906976744
1964,POL,Poland,4.294478528,3.614457831,5.813953488
1964,AUS,Australia,3.680981595,1.204819277,5.813953488
1964,CSK,Czechoslovakia,3.067484663,3.614457831,1.744186047
1964,GBR,Great Britain,2.45398773,7.228915663,1.162790698
1964,BGR,Bulgaria,1.840490798,3.012048193,1.162790698
1964,FIN,Finland,1.840490798,0,1.162790698
1964,NZL,New Zealand,1.840490798,0,1.162790698
1964,ROU,Romania,1.226993865,2.409638554,3.488372093
1964,NLD,Netherlands,1.226993865,2.409638554,2.325581395
1964,TUR,Turkey,1.226993865,1.807228916,0.581395349
1964,SWE,Sweden,1.226993865,1.204819277,2.325581395
1964,DNK,Denmark,1.226993865,0.602409639,1.744186047
1964,YUG,Yugoslavia,1.226993865,0.602409639,1.162790698
1964,BEL,Belgium,1.226993865,0,0.581395349
1964,FRA,France,0.613496933,4.819277108,3.488372093
1964,CAN,Canada,0.613496933,1.204819277,0.581395349
1964,CHE,Switzerland,0.613496933,1.204819277,0.581395349
1964,BHS,Bahamas,0.613496933,0,0
1964,ETH,Ethiopia,0.613496933,0,0
1964,IND,India,0.613496933,0,0
1964,KOR,South Korea,0,1.204819277,0.581395349
1964,TTO,Trinidad and Tobago,0,0.602409639,1.162790698
1964,TUN,Tunisia,0,0.602409639,0.581395349
1964,ARG,Argentina,0,0.602409639,0
1964,CUB,Cuba,0,0.602409639,0
1964,PAK,Pakistan,0,0.602409639,0
1964,PHL,Philippines,0,0.602409639,0
1964,IRN,Iran,0,0,1.162790698
1964,BRA,Brazil,0,0,0.581395349
1964,GHA,Ghana,0,0,0.581395349
1964,IRL,Ireland,0,0,0.581395349
1964,KEN,Kenya,0,0,0.581395349
1964,MEX,Mexico,0,0,0.581395349
1964,NGA,Nigeria,0,0,0.581395349
1964,URY,Uruguay,0,0,0.581395349
1964,AFG,Afghanistan,0,0,0
1964,ANT,Netherlands Antilles,0,0,0
1964,AUT,Austria,0,0,0
1964,BMU,Bermuda,0,0,0
1964,BOL,Bolivia,0,0,0
1964,CHL,Chile,0,0,0
1964,CIV,Cote d'Ivoire,0,0,0
1964,CMR,Cameroon,0,0,0
1964,COG,Congo (Brazzaville),0,0,0
1964,COL,Colombia,0,0,0
1964,CRI,Costa Rica,0,0,0
1964,DOM,Dominican Republic,0,0,0
1964,DZA,Algeria,0,0,0
1964,EGY,Egypt,0,0,0
1964,ESP,Spain,0,0,0
1964,GRC,Greece,0,0,0
1964,GUY,Guyana,0,0,0
1964,HKG,Hong Kong,0,0,0
1964,IRQ,Iraq,0,0,0
1964,ISL,Iceland,0,0,0
1964,ISR,Israel,0,0,0
1964,JAM,Jamaica,0,0,0
1964,KHM,Cambodia,0,0,0
1964,LBN,Lebanon,0,0,0
1964,LBR,Liberia,0,0,0
1964,LIE,Liechtenstein,0,0,0
1964,LKA,Sri Lanka,0,0,0
1964,LUX,Luxembourg,0,0,0
1964,MAR,Morocco,0,0,0
1964,MCO,Monaco,0,0,0
1964,MDG,Madagascar,0,0,0
1964,MLI,Mali,0,0,0
1964,MMR,Myanmar,0,0,0
1964,MNG,Mongolia,0,0,0
1964,MYS,Malaysia,0,0,0
1964,NER,Niger,0,0,0
1964,NOR,Norway,0,0,0
1964,NPL,Nepal,0,0,0
1964,PAN,Panama,0,0,0
1964,PER,Peru,0,0,0
1964,PRI,Puerto Rico,0,0,0
1964,PRT,Portugal,0,0,0
1964,SEN,Senegal,0,0,0
1964,TCD,Chad,0,0,0
1964,THA,Thailand,0,0,0
1964,TWN,Chinese Taipei,0,0,0
1964,TZA,Tanzania,0,0,0
1964,UGA,Uganda,0,0,0
1964,VEN,Venezuela,0,0,0
1964,VNM,South Vietnam,0,0,0
1964,ZMB,Zambia,0,0,0
1964,ZWE,Zimbabwe,0,0,0
1960,SUN,Soviet Union,28.28947368,19.46308725,19.375
1960,USA,United States,22.36842105,14.09395973,10
1960,ITA,Italy,8.552631579,6.711409396,8.125
1960,DEU,Germany,7.894736842,12.75167785,6.875
1960,AUS,Australia,5.263157895,5.369127517,3.75
1960,TUR,Turkey,4.605263158,1.342281879,0
1960,HUN,Hungary,3.947368421,5.369127517,4.375
1960,JPN,Japan,2.631578947,4.697986577,4.375
1960,POL,Poland,2.631578947,4.026845638,6.875
1960,CSK,Czechoslovakia,1.973684211,1.342281879,1.875
1960,ROU,Romania,1.973684211,0.67114094,3.75
1960,GBR,Great Britain,1.315789474,4.026845638,7.5
1960,DNK,Denmark,1.315789474,2.013422819,0.625
1960,NZL,New Zealand,1.315789474,0,0.625
1960,BGR,Bulgaria,0.657894737,2.013422819,1.875
1960,SWE,Sweden,0.657894737,1.342281879,1.875
1960,FIN,Finland,0.657894737,0.67114094,1.875
1960,AUT,Austria,0.657894737,0.67114094,0
1960,YUG,Yugoslavia,0.657894737,0.67114094,0
1960,PAK,Pakistan,0.657894737,0,0.625
1960,ETH,Ethiopia,0.657894737,0,0
1960,GRC,Greece,0.657894737,0,0
1960,NOR,Norway,0.657894737,0,0
1960,CHE,Switzerland,0,2.013422819,1.875
1960,FRA,France,0,1.342281879,1.875
1960,BEL,Belgium,0,1.342281879,1.25
1960,IRN,Iran,0,0.67114094,1.875
1960,NLD,Netherlands,0,0.67114094,1.25
1960,ZAF,South Africa,0,0.67114094,1.25
1960,ARG,Argentina,0,0.67114094,0.625
1960,UAR,United Arab Republic,0,0.67114094,0.625
1960,CAN,Canada,0,0.67114094,0
1960,GHA,Ghana,0,0.67114094,0
1960,IND,India,0,0.67114094,0
1960,MAR,Morocco,0,0.67114094,0
1960,PRT,Portugal,0,0.67114094,0
1960,SGP,Singapore,0,0.67114094,0
1960,TWN,Chinese Taipei,0,0.67114094,0
1960,BRA,Brazil,0,0,1.25
1960,WIF,West Indies Federation,0,0,1.25
1960,ESP,Spain,0,0,0.625
1960,IRQ,Iraq,0,0,0.625
1960,MEX,Mexico,0,0,0.625
1960,VEN,Venezuela,0,0,0.625
1960,AFG,Afghanistan,0,0,0
1960,ANT,Netherlands Antilles,0,0,0
1960,BHS,Bahamas,0,0,0
1960,BMU,Bermuda,0,0,0
1960,CHL,Chile,0,0,0
1960,COL,Colombia,0,0,0
1960,CUB,Cuba,0,0,0
1960,FJI,Fiji,0,0,0
1960,GUY,Guyana,0,0,0
1960,HKG,Hong Kong,0,0,0
1960,HTI,Haiti,0,0,0
1960,IDN,Indonesia,0,0,0
1960,IRL,Ireland,0,0,0
1960,ISL,Iceland,0,0,0
1960,ISR,Israel,0,0,0
1960,KEN,Kenya,0,0,0
1960,KOR,South Korea,0,0,0
1960,LBN,Lebanon,0,0,0
1960,LBR,Liberia,0,0,0
1960,LIE,Liechtenstein,0,0,0
1960,LKA,Sri Lanka,0,0,0
1960,LUX,Luxembourg,0,0,0
1960,MAL,Malaya,0,0,0
1960,MCO,Monaco,0,0,0
1960,MLT,Malta,0,0,0
1960,MMR,Myanmar,0,0,0
1960,NGA,Nigeria,0,0,0
1960,PAN,Panama,0,0,0
1960,PER,Peru,0,0,0
1960,PHL,Philippines,0,0,0
1960,PRI,Puerto Rico,0,0,0
1960,SDN,Sudan,0,0,0
1960,SMR,San Marino,0,0,0
1960,THA,Thailand,0,0,0
1960,TUN,Tunisia,0,0,0
1960,UGA,Uganda,0,0,0
1960,URY,Uruguay,0,0,0
1960,VNM,South Vietnam,0,0,0
1960,ZWE,Rhodesia,0,0,0
1956,SUN,Soviet Union,24.18300654,18.95424837,19.8757764
1956,USA,United States,20.91503268,16.33986928,10.55900621
1956,AUS,Australia,8.496732026,5.22875817,8.695652174
1956,HUN,Hungary,5.882352941,6.535947712,4.347826087
1956,ITA,Italy,5.22875817,5.22875817,5.590062112
1956,SWE,Sweden,5.22875817,3.267973856,3.726708075
1956,DEU,Germany,3.921568627,8.496732026,4.347826087
1956,GBR,Great Britain,3.921568627,4.575163399,6.832298137
1956,ROU,Romania,3.267973856,1.960784314,3.105590062
1956,JPN,Japan,2.614379085,6.535947712,1.863354037
1956,FRA,France,2.614379085,2.614379085,3.726708075
1956,TUR,Turkey,1.960784314,1.307189542,1.242236025
1956,FIN,Finland,1.960784314,0.653594771,6.832298137
1956,IRN,Iran,1.307189542,1.307189542,0.621118012
1956,CAN,Canada,1.307189542,0.653594771,1.863354037
1956,NZL,New Zealand,1.307189542,0,0
1956,POL,Poland,0.653594771,2.614379085,2.48447205
1956,CSK,Czechoslovakia,0.653594771,2.614379085,0.621118012
1956,BGR,Bulgaria,0.653594771,1.960784314,0.621118012
1956,DNK,Denmark,0.653594771,1.307189542,0.621118012
1956,IRL,Ireland,0.653594771,0.653594771,1.863354037
1956,NOR,Norway,0.653594771,0,1.242236025
1956,MEX,Mexico,0.653594771,0,0.621118012
1956,BRA,Brazil,0.653594771,0,0
1956,IND,India,0.653594771,0,0
1956,YUG,Yugoslavia,0,1.960784314,0
1956,CHL,Chile,0,1.307189542,1.242236025
1956,BEL,Belgium,0,1.307189542,0
1956,ARG,Argentina,0,0.653594771,0.621118012
1956,KOR,South Korea,0,0.653594771,0.621118012
1956,ISL,Iceland,0,0.653594771,0
1956,PAK,Pakistan,0,0.653594771,0
1956,ZAF,South Africa,0,0,2.48447205
1956,AUT,Austria,0,0,1.242236025
1956,BHS,Bahamas,0,0,0.621118012
1956,CHE,Switzerland,0,0,0.621118012
1956,GRC,Greece,0,0,0.621118012
1956,URY,Uruguay,0,0,0.621118012
1956,AFG,Afghanistan,0,0,0
1956,BMU,Bermuda,0,0,0
1956,COL,Colombia,0,0,0
1956,CUB,Cuba,0,0,0
1956,EGY,Egypt,0,0,0
1956,ESP,Spain,0,0,0
1956,ETH,Ethiopia,0,0,0
1956,FJI,Fiji,0,0,0
1956,GUY,Guyana,0,0,0
1956,HKG,Hong Kong,0,0,0
1956,IDN,Indonesia,0,0,0
1956,ISR,Israel,0,0,0
1956,JAM,Jamaica,0,0,0
1956,KEN,Kenya,0,0,0
1956,KHM,Cambodia,0,0,0
1956,LBR,Liberia,0,0,0
1956,LKA,Sri Lanka,0,0,0
1956,LUX,Luxembourg,0,0,0
1956,MAL,Malaya,0,0,0
1956,MMR,Myanmar,0,0,0
1956,NBO,North Borneo,0,0,0
1956,NGA,Nigeria,0,0,0
1956,NLD,Netherlands,0,0,0
1956,PER,Peru,0,0,0
1956,PHL,Philippines,0,0,0
1956,PRI,Puerto Rico,0,0,0
1956,PRT,Portugal,0,0,0
1956,SGP,Singapore,0,0,0
1956,THA,Thailand,0,0,0
1956,TTO,Trinidad and Tobago,0,0,0
1956,TWN,Chinese Taipei,0,0,0
1956,UGA,Uganda,0,0,0
1956,VEN,Venezuela,0,0,0
1956,VNM,South Vietnam,0,0,0
1952,USA,United States,26.84563758,12.58278146,10.82802548
1952,SUN,Soviet Union,14.76510067,19.20529801,12.10191083
1952,HUN,Hungary,10.73825503,6.622516556,10.1910828
1952,SWE,Sweden,8.053691275,8.609271523,6.369426752
1952,ITA,Italy,5.369127517,5.960264901,2.547770701
1952,CSK,Czechoslovakia,4.697986577,1.986754967,1.910828025
1952,FRA,France,4.026845638,3.973509934,3.821656051
1952,FIN,Finland,4.026845638,1.986754967,8.280254777
1952,AUS,Australia,4.026845638,1.324503311,1.910828025
1952,NOR,Norway,2.013422819,1.324503311,0
1952,CHE,Switzerland,1.342281879,3.973509934,3.821656051
1952,ZAF,South Africa,1.342281879,2.649006623,2.547770701
1952,JAM,Jamaica,1.342281879,1.986754967,0
1952,BEL,Belgium,1.342281879,1.324503311,0
1952,DNK,Denmark,1.342281879,0.662251656,1.910828025
1952,TUR,Turkey,1.342281879,0,0.636942675
1952,JPN,Japan,0.67114094,3.973509934,0.636942675
1952,GBR,Great Britain,0.67114094,1.324503311,5.095541401
1952,ARG,Argentina,0.67114094,1.324503311,1.27388535
1952,POL,Poland,0.67114094,1.324503311,0.636942675
1952,CAN,Canada,0.67114094,1.324503311,0
1952,YUG,Yugoslavia,0.67114094,1.324503311,0
1952,ROU,Romania,0.67114094,0.662251656,1.27388535
1952,BRA,Brazil,0.67114094,0,1.27388535
1952,NZL,New Zealand,0.67114094,0,1.27388535
1952,IND,India,0.67114094,0,0.636942675
1952,LUX,Luxembourg,0.67114094,0,0
1952,DEU,Germany,0,4.635761589,10.82802548
1952,NLD,Netherlands,0,3.311258278,0
1952,IRN,Iran,0,1.986754967,2.547770701
1952,CHL,Chile,0,1.324503311,0
1952,AUT,Austria,0,0.662251656,0.636942675
1952,LBN,Lebanon,0,0.662251656,0.636942675
1952,ESP,Spain,0,0.662251656,0
1952,IRL,Ireland,0,0.662251656,0
1952,MEX,Mexico,0,0.662251656,0
1952,KOR,South Korea,0,0,1.27388535
1952,TTO,Trinidad and Tobago,0,0,1.27388535
1952,URY,Uruguay,0,0,1.27388535
1952,BGR,Bulgaria,0,0,0.636942675
1952,EGY,Egypt,0,0,0.636942675
1952,PRT,Portugal,0,0,0.636942675
1952,VEN,Venezuela,0,0,0.636942675
1952,ANT,Netherlands Antilles,0,0,0
1952,BHS,Bahamas,0,0,0
1952,BMU,Bermuda,0,0,0
1952,CHN,China,0,0,0
1952,CUB,Cuba,0,0,0
1952,GHA,Ghana,0,0,0
1952,GRC,Greece,0,0,0
1952,GTM,Guatemala,0,0,0
1952,GUY,Guyana,0,0,0
1952,HKG,Hong Kong,0,0,0
1952,IDN,Indonesia,0,0,0
1952,ISL,Iceland,0,0,0
1952,ISR,Israel,0,0,0
1952,LIE,Liechtenstein,0,0,0
1952,LKA,Sri Lanka,0,0,0
1952,MCO,Monaco,0,0,0
1952,MMR,Myanmar,0,0,0
1952,NGA,Nigeria,0,0,0
1952,PAK,Pakistan,0,0,0
1952,PAN,Panama,0,0,0
1952,PHL,Philippines,0,0,0
1952,PRI,Puerto Rico,0,0,0
1952,SAA,Saar,0,0,0
1952,SGP,Singapore,0,0,0
1952,THA,Thailand,0,0,0
1952,VNM,South Vietnam,0,0,0
1948,USA,United States,26.38888889,18.49315068,12.75167785
1948,SWE,Sweden,11.80555556,7.534246575,12.08053691
1948,FRA,France,7.638888889,4.109589041,10.06711409
1948,HUN,Hungary,6.944444444,3.424657534,8.053691275
1948,ITA,Italy,6.25,8.219178082,6.711409396
1948,FIN,Finland,5.555555556,5.479452055,4.026845638
1948,TUR,Turkey,4.166666667,2.739726027,1.342281879
1948,CSK,Czechoslovakia,4.166666667,1.369863014,2.013422819
1948,CHE,Switzerland,3.472222222,8.219178082,3.355704698
1948,DNK,Denmark,3.472222222,5.479452055,6.040268456
1948,NLD,Netherlands,3.472222222,1.369863014,6.040268456
1948,GBR,Great Britain,2.777777778,10.95890411,4.697986577
1948,ARG,Argentina,2.083333333,2.054794521,0.67114094
1948,AUS,Australia,1.388888889,4.109589041,3.355704698
1948,AUT,Austria,1.388888889,1.369863014,2.684563758
1948,BEL,Belgium,1.388888889,1.369863014,2.013422819
1948,ZAF,South Africa,1.388888889,1.369863014,1.342281879
1948,EGY,Egypt,1.388888889,1.369863014,0.67114094
1948,MEX,Mexico,1.388888889,0.684931507,1.342281879
1948,NOR,Norway,0.694444444,2.054794521,2.013422819
1948,JAM,Jamaica,0.694444444,1.369863014,0
1948,POL,Poland,0.694444444,0,0.67114094
1948,IND,India,0.694444444,0,0
1948,PER,Peru,0.694444444,0,0
1948,CAN,Canada,0,1.369863014,1.342281879
1948,YUG,Yugoslavia,0,1.369863014,0
1948,PRT,Portugal,0,0.684931507,0.67114094
1948,URY,Uruguay,0,0.684931507,0.67114094
1948,CUB,Cuba,0,0.684931507,0
1948,ESP,Spain,0,0.684931507,0
1948,LKA,Sri Lanka,0,0.684931507,0
1948,TTO,Trinidad and Tobago,0,0.684931507,0
1948,KOR,South Korea,0,0,1.342281879
1948,PAN,Panama,0,0,1.342281879
1948,BRA,Brazil,0,0,0.67114094
1948,IRL,Ireland,0,0,0.67114094
1948,IRN,Iran,0,0,0.67114094
1948,PRI,Puerto Rico,0,0,0.67114094
1948,AFG,Afghanistan,0,0,0
1948,BMU,Bermuda,0,0,0
1948,CHL,Chile,0,0,0
1948,CHN,China,0,0,0
1948,COL,Colombia,0,0,0
1948,GRC,Greece,0,0,0
1948,GUY,Guyana,0,0,0
1948,IRQ,Iraq,0,0,0
1948,ISL,Iceland,0,0,0
1948,LBN,Lebanon,0,0,0
1948,LIE,Liechtenstein,0,0,0
1948,LUX,Luxembourg,0,0,0
1948,MCO,Monaco,0,0,0
1948,MLT,Malta,0,0,0
1948,MMR,Myanmar,0,0,0
1948,NZL,New Zealand,0,0,0
1948,PAK,Pakistan,0,0,0
1948,PHL,Philippines,0,0,0
1948,SGP,Singapore,0,0,0
1948,SYR,Syria,0,0,0
1948,VEN,Venezuela,0,0,0